movieid,id,body,interest_score_users_voted,interest_score_users_interested,category_id,category_text
tt7131622,tr4662912,"The producers had some initial difficulties convincing Hollywood Boulevard vendors to allow their premises to be fitted with period facades to better reflect the 1960s. However, after the production wrapped that section of the shoot, most of these same people asked if they could leave the facades in place, since they now much more preferred that period &#39;look.&#39;",2437,2411,uncategorized,Uncategorized
tt7131622,tr4693784,"The character Flowerchild (Maya Hawke), who is shown having cold feet on going through with the murders, and who flees the scene in the 1959 Ford Galaxie, is based on Linda Kasabian, who became a witness for the prosecution in the murder trial of Tex Watson, Patricia Krenwinkel, and Susan Atkins. In real life Kasabian was ordered by Tex Watson to wait in the car, during which she heard the murders inside the Tate residence take place and witnessed the murder of Wojciech Frykowski outside the house. Kasabian claimed she wanted to drive away, but was too scared.",642,638,uncategorized,Uncategorized
tt7131622,tr4652305,"Very rare for a <a class=""ipc-md-link ipc-md-link--entity"" href=""/name/nm0000233/?ref_=tttrv_tr"">Quentin Tarantino</a> film, some scenes contained improvisation, particularly when Rick Dalton forgets his lines when filming a &quot;Lancer&quot; and afterwards rants to himself privately in his trailer. <a class=""ipc-md-link ipc-md-link--entity"" href=""/name/nm0000138/?ref_=tttrv_tr"">Leonardo DiCaprio</a> had a very difficult time playing the scene as Dalton, rather than as how he himself would, especially since Dalton is supposed to be an actor of limited range. DiCaprio suggested that Dalton forget his lines mid-scene--ironically, to help him stay in character as Dalton. The subsequent scene in the trailer was also unscripted, improvised.",3250,3212,uncategorized,Uncategorized
tt7131622,tr4649034,"When Sharon goes to a showing of her movie <a class=""ipc-md-link ipc-md-link--entity"" href=""/title/tt0065225/?ref_=tttrv_tr"">The Wrecking Crew (1968)</a>, the filmmakers chose to use the actual film rather than recreating the scenes with Robbie. The real Sharon Tate briefly appears on screen.",2503,2474,uncategorized,Uncategorized
tt7131622,tr4648966,"Donald &quot;Shorty&quot; Shea was a ranch hand employed by <a class=""ipc-md-link ipc-md-link--entity"" href=""/name/nm0816645/?ref_=tttrv_tr"">George Spahn</a>. He had tried to warn Spahn about the dangerous nature of the Manson family. At some point he was jumped and then killed, with various body parts being buried around the ranch. One of the killers was Steve &quot;Clem&quot; Grogan - the hippie who knifes the tire and is confronted by Cliff. As he starts to change the tire you can see a cowboy in a corral in the background. As Shorty was the only ranch hand, this would have been him in the shot. His body was not found until 1977 when Clem agreed to show the police where the remains could be found.",1322,1309,uncategorized,Uncategorized
tt7131622,tr4694228,"Sharon Tate (<a class=""ipc-md-link ipc-md-link--entity"" href=""/name/nm3053338/?ref_=tttrv_tr"">Margot Robbie</a>) visits a book store to pick up a copy of &quot;Tess of the d&#39;Urbervilles.&quot; The real <a class=""ipc-md-link ipc-md-link--entity"" href=""/name/nm0001790/?ref_=tttrv_tr"">Sharon Tate</a> gave husband <a class=""ipc-md-link ipc-md-link--entity"" href=""/name/nm0000591/?ref_=tttrv_tr"">Roman Polanski</a> a copy of the book while in Europe, just before she returned to the US, saying that it would make a great film in which she herself would love to star. This was the last time Polanski saw Tate alive. He would later adapt the book as <a class=""ipc-md-link ipc-md-link--entity"" href=""/title/tt0080009/?ref_=tttrv_tr"">Tess (1979)</a>, dedicated to his murdered wife.",873,865,uncategorized,Uncategorized
tt7131622,tr4798494,"China refused the film a certificate for release in the country, strongly hinting that the issue was the way the film portrayed <a class=""ipc-md-link ipc-md-link--entity"" href=""/name/nm0000045/?ref_=tttrv_tr"">Bruce Lee</a> and that an edit which eliminated the Lee-related material would get approval for release. <a class=""ipc-md-link ipc-md-link--entity"" href=""/name/nm0000233/?ref_=tttrv_tr"">Quentin Tarantino</a> responded by publicly stating he would not edit any of the film to ensure its release in China.",1229,1216,uncategorized,Uncategorized
tt7131622,tr4697202,"<a class=""ipc-md-link ipc-md-link--entity"" href=""/name/nm0000093/?ref_=tttrv_tr"">Brad Pitt</a> ad-libbed the line, &quot;You&#39;re Rick fucking Dalton! Don&#39;t you forget that.&quot; Pitt based that line on an actor who told him the same thing when he was a budding actor in the early nineties.",2005,1978,uncategorized,Uncategorized
tt7131622,tr4662911,"In an unprecedented film production move, a section of L.A.&#39;s Hollywood Freeway (US-101) was completely shut down from 12pm to 2pm for a sequence populated with period cars. No VFX were used to create this sequence.",1744,1721,uncategorized,Uncategorized
tt7131622,tr4949484,"While scouting for locations, <a class=""ipc-md-link ipc-md-link--entity"" href=""/name/nm0000233/?ref_=tttrv_tr"">Quentin Tarantino</a> visited <a class=""ipc-md-link ipc-md-link--entity"" href=""/name/nm0001812/?ref_=tttrv_tr"">Lee Van Cleef</a>&#39;s home. While there, he noticed a giant poster of Van Cleef&#39;s face hanging in his garage. Tarantino thought this was both funny and strange, and decided to give Rick Dalton the same thing on his driveway.",586,581,uncategorized,Uncategorized
tt7131622,tr4633145,"<a class=""ipc-md-link ipc-md-link--entity"" href=""/name/nm3053338/?ref_=tttrv_tr"">Margot Robbie</a>, who portrays Sharon Tate, wears some of <a class=""ipc-md-link ipc-md-link--entity"" href=""/name/nm0001790/?ref_=tttrv_tr"">Sharon Tate</a>&#39;s real jewelry, provided by Tate&#39;s sister <a class=""ipc-md-link ipc-md-link--entity"" href=""/name/nm1395088/?ref_=tttrv_tr"">Debra Tate</a>.",2927,2883,uncategorized,Uncategorized
tt7131622,tr4927086,"Cliff and Rick watch an episode of <a class=""ipc-md-link ipc-md-link--entity"" href=""/title/tt0058801/?ref_=tttrv_tr"">The F.B.I. (1965)</a> in which an Army truck is hijacked. A producer went to a local source for film vehicles searching for a similar truck to recreate the scene and, to his surprise, he was taken to the actual truck used in the TV show. They cleaned it up, gave it a fresh coat of paint and used it in this movie.",483,479,uncategorized,Uncategorized
tt7131622,tr4967071,"Sharon Tate puts her feet up on a seat in the theater while watching <a class=""ipc-md-link ipc-md-link--entity"" href=""/title/tt0065225/?ref_=tttrv_tr"">The Wrecking Crew (1968)</a>. If one looks closely you can see that her feet are rather dirty. In real life, Tate hated wearing shoes and would take any possible opportunity to not wear any in public unless the situation absolutely called for it. Tate would even go as far as wearing rubber bands on her feet to give the illusion of wearing sandals while out eating at restaurants.",729,721,uncategorized,Uncategorized
tt7131622,tr4625397,"The cream Cadillac <a class=""ipc-md-link ipc-md-link--entity"" href=""/name/nm0000093/?ref_=tttrv_tr"">Brad Pitt</a> drives belongs to <a class=""ipc-md-link ipc-md-link--entity"" href=""/name/nm0000514/?ref_=tttrv_tr"">Michael Madsen</a>. It also appeared in <a class=""ipc-md-link ipc-md-link--entity"" href=""/title/tt0105236/?ref_=tttrv_tr"">Reservoir Dogs (1992)</a> driven by Madsen. Also, Pitt and Madsen both appeared in <a class=""ipc-md-link ipc-md-link--entity"" href=""/title/tt0103074/?ref_=tttrv_tr"">Thelma &amp; Louise (1991)</a> as the title characters&#39; lovers.",2504,2463,uncategorized,Uncategorized
tt7131622,tr4519321,"Originally skeptical of the project, <a class=""ipc-md-link ipc-md-link--entity"" href=""/name/nm0001790/?ref_=tttrv_tr"">Sharon Tate</a>&#39;s sister <a class=""ipc-md-link ipc-md-link--entity"" href=""/name/nm1395088/?ref_=tttrv_tr"">Debra Tate</a> gave the film and <a class=""ipc-md-link ipc-md-link--entity"" href=""/name/nm3053338/?ref_=tttrv_tr"">Margot Robbie</a>&#39;s portrayal of Sharon her blessing after Debra was embraced by <a class=""ipc-md-link ipc-md-link--entity"" href=""/name/nm0000233/?ref_=tttrv_tr"">Quentin Tarantino</a> himself and she became aware of how her sister would be represented within the film. Debra referred to Margot as a &quot;dedicated craftsman&quot; and praised the actress&#39;s research of Sharon prior to meeting with her.",1957,1926,uncategorized,Uncategorized
tt7131622,tr4666884,"On Sunday night, Rick and Cliff sit down to watch &quot;Rick&#39;s episode&quot; of <a class=""ipc-md-link ipc-md-link--entity"" href=""/title/tt0058801/?ref_=tttrv_tr"">The F.B.I. (1965)</a>. The audience is later told that the episode is <a class=""ipc-md-link ipc-md-link--entity"" href=""/title/tt0574750/?ref_=tttrv_tr"">All the Streets Are Silent (1965)</a>. That is a real episode of the television show, and the ensuing clip is the actual opening to that episode, with one important difference - Rick Dalton has been edited into the place of the guest star villain, &quot;Michael Murtaugh.&quot; In reality, the role of Murtaugh in the episode was played by <a class=""ipc-md-link ipc-md-link--entity"" href=""/name/nm0000608/?ref_=tttrv_tr"">Burt Reynolds</a>, who was known for open-mouthed gum-chewing, which is a likely reason why Rick and Cliff refer to the gum chewing as &quot;strong&quot;.",912,900,uncategorized,Uncategorized
tt7131622,tr4667126,"In one scene, a framed issue of MAD Magazine (dated October 1965) is visible in Dalton&#39;s apartment, with a drawing of Dalton himself on the cover. Longtime MAD artist <a class=""ipc-md-link ipc-md-link--entity"" href=""/name/nm1654348/?ref_=tttrv_tr"">Tom Richmond</a> was recruited to draw the cover. As a tie-in with the movie, the October 2019 issue of MAD Magazine was billed as a &quot;Special Tarantino Time-Warp Issue&quot; with a 1960s style contents page, the first 12 pages in black and white, a parody of &quot;Bounty Law&quot; and Rick Dalton on the front cover (different from the cover seen in the movie).",1147,1130,uncategorized,Uncategorized
tt7131622,tr4656094,"The party sequence at the Playboy Mansion was actually filmed there, Tarantino having been a guest of <a class=""ipc-md-link ipc-md-link--entity"" href=""/name/nm0005005/?ref_=tttrv_tr"">Hugh Hefner</a> on a number of occasions.",1350,1329,uncategorized,Uncategorized
tt7131622,tr4550137,"As the Tate party enters the El Coyote restaurant for dinner, <a class=""ipc-md-link ipc-md-link--entity"" href=""/name/nm0001790/?ref_=tttrv_tr"">Sharon Tate</a> and <a class=""ipc-md-link ipc-md-link--entity"" href=""/name/nm0781085/?ref_=tttrv_tr"">Jay Sebring</a> discuss a movie premiere they can see taking place further down Beverly Blvd at an erotic movie theatre. &quot;They have premieres for dirty movies?&quot; asks Sharon. The theatre in question is the Eros, a real adult theatre of the time. The building still exists, though it is now a repertory cinema called The New Beverly, and it is owned by <a class=""ipc-md-link ipc-md-link--entity"" href=""/name/nm0000233/?ref_=tttrv_tr"">Quentin Tarantino</a>.",2926,2870,uncategorized,Uncategorized
tt7131622,tr4134998,"<a class=""ipc-md-link ipc-md-link--entity"" href=""/name/nm0000608/?ref_=tttrv_tr"">Burt Reynolds</a> was originally cast as <a class=""ipc-md-link ipc-md-link--entity"" href=""/name/nm0816645/?ref_=tttrv_tr"">George Spahn</a>, the ranch owner, but he died before he was scheduled to shoot his scenes. <a class=""ipc-md-link ipc-md-link--entity"" href=""/name/nm0001136/?ref_=tttrv_tr"">Bruce Dern</a> replaced him in the role. Additionally, the role of James Stacy was originally written for <a class=""ipc-md-link ipc-md-link--entity"" href=""/name/nm0000200/?ref_=tttrv_tr"">Bill Paxton</a>, who unfortunately passed away while the script was being written. Paxton&#39;s role would instead go to Timothy Olyphant.",1729,1698,uncategorized,Uncategorized
tt7131622,tr4426441,"This is <a class=""ipc-md-link ipc-md-link--entity"" href=""/name/nm0000580/?ref_=tttrv_tr"">Luke Perry</a>&#39;s last film. Perry suffered a massive stroke in late February 2019, and died March 4th. Scott Lancer is an homage to <a class=""ipc-md-link ipc-md-link--entity"" href=""/name/nm0560932/?ref_=tttrv_tr"">Wayne Maunder</a> and his role in <a class=""ipc-md-link ipc-md-link--entity"" href=""/title/tt0062577/?ref_=tttrv_tr"">Lancer (1968)</a>. Maunder died on November 11, 2018, ten days after filming wrapped on this movie. The film was released on July 26th, 2019.",1565,1537,uncategorized,Uncategorized
tt7131622,tr4653929,"One of the Italian films in which Rick stars is said to be directed by an <a class=""ipc-md-link ipc-md-link--entity"" href=""/name/nm0546672/?ref_=tttrv_tr"">Antonio Margheriti</a>. In &quot;<a class=""ipc-md-link ipc-md-link--entity"" href=""/title/tt0361748/?ref_=tttrv_tr"">Inglourious Basterds (2009)</a>,&quot; &quot;Antonio Margheriti&quot; is the alias used by Donny Donowitz to sneak into the premiere of &quot;Nation&#39;s Pride.&quot;",1842,1806,uncategorized,Uncategorized
tt7131622,tr4676010,"In addition to his on-screen role, <a class=""ipc-md-link ipc-md-link--entity"" href=""/name/nm0000621/?ref_=tttrv_tr"">Kurt Russell</a> provides the voice of the off-screen narrator.",1177,1155,uncategorized,Uncategorized
tt7131622,tr4737308,"<a class=""ipc-md-link ipc-md-link--entity"" href=""/name/nm0000138/?ref_=tttrv_tr"">Leonardo DiCaprio</a> has said that he was starstruck to be on-set with one of his teenage idols <a class=""ipc-md-link ipc-md-link--entity"" href=""/name/nm0000580/?ref_=tttrv_tr"">Luke Perry</a>, a star he&#39;d felt, at the time, was the new embodiment of <a class=""ipc-md-link ipc-md-link--entity"" href=""/name/nm0000015/?ref_=tttrv_tr"">James Dean</a>. Leo was particularly delighted to be able to reminisce with Luke about the Hollywood of his youth and about where their career paths had taken each of them.",908,892,uncategorized,Uncategorized
tt7131622,tr4550707,"<a class=""ipc-md-link ipc-md-link--entity"" href=""/name/nm0000233/?ref_=tttrv_tr"">Quentin Tarantino</a> did not approach <a class=""ipc-md-link ipc-md-link--entity"" href=""/name/nm0000591/?ref_=tttrv_tr"">Roman Polanski</a>, he admitted at the press conference in Cannes. But Tarantino asked for and received help from <a class=""ipc-md-link ipc-md-link--entity"" href=""/name/nm0001790/?ref_=tttrv_tr"">Sharon Tate</a>&#39;s sister <a class=""ipc-md-link ipc-md-link--entity"" href=""/name/nm1395088/?ref_=tttrv_tr"">Debra Tate</a>, who is thanked in the credits. He also gave Debra Tate a script to read early on, went to visit her in Santa Barbara and spent a weekend with her. She even came on set when the Bruin [Theatre in Westwood] sequence was being shot.",1282,1257,uncategorized,Uncategorized
tt7131622,tr4950028,"Bruce Lee&#39;s line about Cliff being pretty for a stuntman was suggested by Burt Reynolds during a script reading. Tarantino said &quot;had the line not been Burt&#39;s, it never would&#39;ve made it in the film. Brad doesn&#39;t like characters pointing out how good looking he is. But because Burt suggested it, how could he say no to including it.&quot;",637,627,uncategorized,Uncategorized
tt7131622,tr4699901,"<a class=""ipc-md-link ipc-md-link--entity"" href=""/name/nm0000537/?ref_=tttrv_tr"">Steve McQueen</a>, played in the film by <a class=""ipc-md-link ipc-md-link--entity"" href=""/name/nm0507073/?ref_=tttrv_tr"">Damian Lewis</a>, had reportedly planned to visit Sharon Tate on the evening she was killed but ultimately didn&#39;t.",1002,983,uncategorized,Uncategorized
tt7131622,tr4546108,"Before the film&#39;s world premiere at the Cannes Film Festival, <a class=""ipc-md-link ipc-md-link--entity"" href=""/name/nm0000233/?ref_=tttrv_tr"">Quentin Tarantino</a> begged of Cannes crowds to avoid spoilers for later audiences in a statement made on social media; &quot;I love cinema, You love cinema. It&#39;s the journey of discovering a story for the first time. I&#39;m thrilled to be here in Cannes to share &#39;Once Upon A Time...in Hollywood&#39; with the festival audience. The cast and crew have worked so hard to create something original, and I only ask that everyone avoids revealing anything that would prevent later audiences from experiencing the film in the same way. Thank you.&quot;",1506,1474,uncategorized,Uncategorized
tt7131622,tr4549941,"<a class=""ipc-md-link ipc-md-link--entity"" href=""/name/nm0000138/?ref_=tttrv_tr"">Leonardo DiCaprio</a> and <a class=""ipc-md-link ipc-md-link--entity"" href=""/name/nm0000093/?ref_=tttrv_tr"">Brad Pitt</a> got along so well during the production that they confirmed at the film&#39;s Cannes premiere that they would love to team up again on another film.",3104,3029,uncategorized,Uncategorized
tt7131622,tr4652998,"The casting of <a class=""ipc-md-link ipc-md-link--entity"" href=""/name/nm0000621/?ref_=tttrv_tr"">Kurt Russell</a> and <a class=""ipc-md-link ipc-md-link--entity"" href=""/name/nm1057928/?ref_=tttrv_tr"">Zoë Bell</a> as the man and wife stunt coordinators on <a class=""ipc-md-link ipc-md-link--entity"" href=""/title/tt0059991/?ref_=tttrv_tr"">The Green Hornet (1966)</a> is a double inside joke to Tarantino&#39;s films. Russell previously played &quot;Stuntman Mike&quot; in <a class=""ipc-md-link ipc-md-link--entity"" href=""/title/tt1028528/?ref_=tttrv_tr"">Death Proof (2007)</a>, in which Bell, a real-life stunt performer, also appeared playing herself. Zoë Bell served as Uma Thurman&#39;s stunt double in Kill Bill, and <a class=""ipc-md-link ipc-md-link--entity"" href=""/title/tt0266697/?ref_=tttrv_tr"">Kill Bill: Vol. 1 (2003)</a> featured the theme to The Green Hornet on its soundtrack.",1198,1171,uncategorized,Uncategorized
tt7131622,tr4666820,"In the movie they show <a class=""ipc-md-link ipc-md-link--entity"" href=""/name/nm0821082/?ref_=tttrv_tr"">James Stacy</a> leaving the set of Lancer on his motorcycle. On September 27, 1973, Stacy was taking his girlfriend Claire Cox for a ride on his motorcycle in the Hollywood Hills when a drunk driver struck them. Cox died and Stacy lost his left arm and leg.",771,754,uncategorized,Uncategorized
tt7131622,tr3934680,"<a class=""ipc-md-link ipc-md-link--entity"" href=""/name/nm0000233/?ref_=tttrv_tr"">Quentin Tarantino</a> described <a class=""ipc-md-link ipc-md-link--entity"" href=""/name/nm0000138/?ref_=tttrv_tr"">Leonardo DiCaprio</a> and <a class=""ipc-md-link ipc-md-link--entity"" href=""/name/nm0000093/?ref_=tttrv_tr"">Brad Pitt</a> as &quot;the most exciting star dynamic duo since <a class=""ipc-md-link ipc-md-link--entity"" href=""/name/nm0000602/?ref_=tttrv_tr"">Robert Redford</a> and <a class=""ipc-md-link ipc-md-link--entity"" href=""/name/nm0000056/?ref_=tttrv_tr"">Paul Newman</a>.&quot;",3325,3227,uncategorized,Uncategorized
tt7131622,tr4697203,"Eager to work with <a class=""ipc-md-link ipc-md-link--entity"" href=""/name/nm0000233/?ref_=tttrv_tr"">Quentin Tarantino</a> again and to keep within the budget, <a class=""ipc-md-link ipc-md-link--entity"" href=""/name/nm0000138/?ref_=tttrv_tr"">Leonardo DiCaprio</a> took a 25% pay cut from his usual $20 million salary.",854,834,uncategorized,Uncategorized
tt7131622,tr4869145,"<a class=""ipc-md-link ipc-md-link--entity"" href=""/name/nm0000233/?ref_=tttrv_tr"">Quentin Tarantino</a> told the crew that he wanted the Spahn Movie Ranch sequence to feel like the early scenes in <a class=""ipc-md-link ipc-md-link--entity"" href=""/title/tt0072271/?ref_=tttrv_tr"">The Texas Chain Saw Massacre (1974)</a>, particularly in terms of sound design and production design.",451,442,uncategorized,Uncategorized
tt7131622,tr4548512,"<a class=""ipc-md-link ipc-md-link--entity"" href=""/name/nm0000233/?ref_=tttrv_tr"">Quentin Tarantino</a> considers the screenplay of Once Upon a Time in Hollywood as &quot;probably his most personal.&quot;",1395,1356,uncategorized,Uncategorized
tt7131622,tr4369809,"<a class=""ipc-md-link ipc-md-link--entity"" href=""/name/nm0000233/?ref_=tttrv_tr"">Quentin Tarantino</a> has said he worked on the screenplay for five years.",1646,1598,uncategorized,Uncategorized
tt7131622,tr5000631,"As <a class=""ipc-md-link ipc-md-link--entity"" href=""/name/nm0001790/?ref_=tttrv_tr"">Sharon Tate</a> is trying to convince the movie theater cashier that she&#39;s Sharon, the cashier mentions <a class=""ipc-md-link ipc-md-link--entity"" href=""/title/tt0062430/?ref_=tttrv_tr"">Valley of the Dolls (1967)</a> which visibly makes her wince. In real life, Tate hated the novel and the script, thinking they were terrible. She only accepted the role of Jennifer North because she knew that it would bring her nationwide attention and boost her career.",323,317,uncategorized,Uncategorized
tt7131622,tr4628730,"This movie is one of two 2019 projects in which <a class=""ipc-md-link ipc-md-link--entity"" href=""/name/nm0380632/?ref_=tttrv_tr"">Damon Herriman</a> plays Charles Manson, the other one being season two of Netflix&#39;s <a class=""ipc-md-link ipc-md-link--entity"" href=""/title/tt5290382/?ref_=tttrv_tr"">Mindhunter (2017)</a>.",1202,1167,uncategorized,Uncategorized
tt7131622,tr4662913,"Award-winning cinematographer <a class=""ipc-md-link ipc-md-link--entity"" href=""/name/nm0724744/?ref_=tttrv_tr"">Robert Richardson</a> has said that one of the most gratifying experiences for him on the shoot was filming <a class=""ipc-md-link ipc-md-link--entity"" href=""/name/nm0000199/?ref_=tttrv_tr"">Al Pacino</a> for the very first time. He&#39;d seen all Pacino&#39;s films, but having the rare opportunity to shoot him with <a class=""ipc-md-link ipc-md-link--entity"" href=""/name/nm0000093/?ref_=tttrv_tr"">Brad Pitt</a> and <a class=""ipc-md-link ipc-md-link--entity"" href=""/name/nm0000138/?ref_=tttrv_tr"">Leonardo DiCaprio</a> in the same space was a milestone in his career.",840,816,uncategorized,Uncategorized
tt7131622,tr4689943,"After Rick and Cliff leave the bar in the beginning of the movie, a news bulletin can be heard coming from the car radio. It is about Sirhan Sirhan, who murdered Senator Robert F. Kennedy who won the Democratic primary in California in 1968 and was shot after giving his victory speech. The events in the scene play on February 8, 1969, which was two days before Sirhan pled guilty to first-degree murder.",337,330,uncategorized,Uncategorized
tt7131622,tr4631584,"<a class=""ipc-md-link ipc-md-link--entity"" href=""/name/nm3053338/?ref_=tttrv_tr"">Margot Robbie</a> accidentally took home one of <a class=""ipc-md-link ipc-md-link--entity"" href=""/name/nm0000233/?ref_=tttrv_tr"">Quentin Tarantino</a>&#39;s &quot;on-the-day&quot; shot lists from one of her days of filming. She discovered it months later and was afraid to say anything in case Quentin asked for it back. When she revealed this to Quentin, he told her he practically throws them away when he&#39;s done with them, and offered her many more.",1060,1028,uncategorized,Uncategorized
tt7131622,tr4664618,"When Charles Manson goes to the Polanski house and Jay tells him that Terry and Candy aren&#39;t there, he was talking about Doris Day&#39;s son, record producer <a class=""ipc-md-link ipc-md-link--entity"" href=""/name/nm0577457/?ref_=tttrv_tr"">Terry Melcher</a> and his then girlfriend, actress <a class=""ipc-md-link ipc-md-link--entity"" href=""/name/nm0000298/?ref_=tttrv_tr"">Candice Bergen</a>. Manson also mentions Beach Boys drummer <a class=""ipc-md-link ipc-md-link--entity"" href=""/name/nm0933287/?ref_=tttrv_tr"">Dennis Wilson</a>. Dreaming of a career in music, Manson had played and sung some of his songs to Wilson and one of them ended up being recorded by the Beach Boys. The song, originally entitled Cease to Exist, appeared as a single with the name Never Learn Not To Love.",830,806,uncategorized,Uncategorized
tt7131622,tr5133469,"The scene in which Dalton as DeCoteau blows his lines, then throws a fit in his trailer was suggested by <a class=""ipc-md-link ipc-md-link--entity"" href=""/name/nm0000138/?ref_=tttrv_tr"">Leonardo DiCaprio</a>. <a class=""ipc-md-link ipc-md-link--entity"" href=""/name/nm0000233/?ref_=tttrv_tr"">Quentin Tarantino</a> wanted to shoot straight western scenes but DiCaprio wanted to emphasize Dalton&#39;s fading star and asked if he could intentionally blow the lines. Tarantino was initially resistant and shot it both ways, but after seeing DiCaprio&#39;s performance with those lines, Tarantino was sold. He agreed that this was important, as it demonstrated the &quot;drunken has-been&quot; theme of the Dalton character.",257,252,uncategorized,Uncategorized
tt7131622,tr4550702,"Editor <a class=""ipc-md-link ipc-md-link--entity"" href=""/name/nm0711235/?ref_=tttrv_tr"">Fred Raskin</a>&#39;s first assembly of the film was four hours, 20 minutes.",716,694,uncategorized,Uncategorized
tt7131622,tr4000662,"The title is an homage to <a class=""ipc-md-link ipc-md-link--entity"" href=""/name/nm0001466/?ref_=tttrv_tr"">Sergio Leone</a>, who directed both <a class=""ipc-md-link ipc-md-link--entity"" href=""/title/tt0064116/?ref_=tttrv_tr"">Once Upon a Time in the West (1968)</a> and <a class=""ipc-md-link ipc-md-link--entity"" href=""/title/tt0087843/?ref_=tttrv_tr"">Once Upon a Time in America (1984)</a>. <a class=""ipc-md-link ipc-md-link--entity"" href=""/name/nm0000233/?ref_=tttrv_tr"">Quentin Tarantino</a> has cited Leone as one of his favorite filmmakers and an influence throughout his career.",1313,1266,uncategorized,Uncategorized
tt7131622,tr5060613,"The real life sister of Sharon Tate was so moved by Margot Robbie&#39;s portrayal of Tate she claimed she &quot;cried real tears, I had a big wet patch of tears down the front of my shirt. It was like having my sister back again, after 50 years.&quot;",381,371,uncategorized,Uncategorized
tt7131622,tr4548511,"<a class=""ipc-md-link ipc-md-link--entity"" href=""/name/nm0000233/?ref_=tttrv_tr"">Quentin Tarantino</a> spent five years writing Once Upon a Time in Hollywood as a novel before realizing a film script would better suit the material.",921,889,uncategorized,Uncategorized
tt7131622,tr3502809,"<a class=""ipc-md-link ipc-md-link--entity"" href=""/name/nm0000233/?ref_=tttrv_tr"">Quentin Tarantino</a> was scheduled to make the film for The Weinstein Company but severed the ties when the sexual assault allegations against co-chairman <a class=""ipc-md-link ipc-md-link--entity"" href=""/name/nm0005544/?ref_=tttrv_tr"">Harvey Weinstein</a> were revealed in the press. To avoid a repeat of the script leak incident that almost cost him <a class=""ipc-md-link ipc-md-link--entity"" href=""/title/tt3460252/?ref_=tttrv_tr"">The Hateful Eight (2015)</a>, he wrote a memo to all theatrical studios, summoning them to send one representative to his agent&#39;s (The William Morris Endeavor) office in Beverly Hills to read his Manson script in person at an arranged time and date. The memo also mandated that each representative was required to sign a heavy non-disclosure agreement, read the script in person (they were not allowed to copy or take the script back), and present the list of demands and conditions to the studio management. This project was already one of the most anticipated and promising projects on the board at the time. After reading the script, Warner Bros., Universal Pictures, Sony Pictures, Paramount Pictures, Annapurna Pictures, and Lionsgate were welcome to make a bid for the theatrical rights before a second round of bids pitched to Tarantino himself. Sony won the theatrical rights in the bidding war, outbidding its closest rival Warner Bros., making it the first David Heyman production not to be distributed by Warner.",1459,1404,uncategorized,Uncategorized
tt7131622,tr4983072,"The TV at George Spahn&#39;s house has one of the earliest unwired remote controls, the Zenith &quot;Space Command&quot; remote. Rather than using infrared or similar technology from later years, it uses ultra high frequency sound. The remote features four buttons, each which trips a spring-loaded hammer that strikes a metal reed. Each of the reeds is at a separate pitch, all of which are inaudible. One button was for turning the TV on, another for turning it off, one for raising the channel and one for lowering it. As each button press makes a loud click, many people simply referred to the device as a &quot;clicker&quot;. A rather humorous failing of this system is that if you jingled your car keys it could cause the TV to turn on.",342,333,uncategorized,Uncategorized
tt7131622,tr6274856,"<a class=""ipc-md-link ipc-md-link--entity"" href=""/name/nm0000233/?ref_=tttrv_tr"">Quentin Tarantino</a> forbid the actors to use smartphones between takes on set, to preserve the period feel.",73,73,uncategorized,Uncategorized
tt0068646,tr0777786,"During an early shot of the scene where Vito Corleone returns home and his people carry him up the stairs, <a class=""ipc-md-link ipc-md-link--entity"" href=""/name/nm0000008/?ref_=tttrv_tr"">Marlon Brando</a> put weights under his body on the bed as a prank, to make it harder to lift him.",2622,2604,uncategorized,Uncategorized
tt0068646,tr0777818,"<a class=""ipc-md-link ipc-md-link--entity"" href=""/name/nm0598926/?ref_=tttrv_tr"">Lenny Montana</a> (Luca Brasi) was so nervous about working with <a class=""ipc-md-link ipc-md-link--entity"" href=""/name/nm0000008/?ref_=tttrv_tr"">Marlon Brando</a> that in the first take of their scene together, he flubbed some lines. Director <a class=""ipc-md-link ipc-md-link--entity"" href=""/name/nm0000338/?ref_=tttrv_tr"">Francis Ford Coppola</a> liked the genuine nervousness and used it in the final cut. The scenes of Luca practicing his speech were added later.",3062,3040,uncategorized,Uncategorized
tt0068646,tr1477276,"Cinematographer <a class=""ipc-md-link ipc-md-link--entity"" href=""/name/nm0932336/?ref_=tttrv_tr"">Gordon Willis</a> earned himself the nickname &quot;The Prince of Darkness,&quot; since his sets were so underlit. &quot;Paramount Pictures&quot; executives initially thought that the footage was too dark, until persuaded otherwise by Willis and <a class=""ipc-md-link ipc-md-link--entity"" href=""/name/nm0000338/?ref_=tttrv_tr"">Francis Ford Coppola</a> that it was to emphasize the shadiness of the Corleone family&#39;s dealings.",1143,1137,uncategorized,Uncategorized
tt0068646,tr2891169,"<a class=""ipc-md-link ipc-md-link--entity"" href=""/name/nm0000338/?ref_=tttrv_tr"">Francis Ford Coppola</a> held improvisational rehearsal sessions that simply consisted of the main cast sitting down in character for a family meal. The actors and actresses couldn&#39;t break character, which Coppola saw as a way for the cast to organically establish the family roles seen in the final film.",730,727,uncategorized,Uncategorized
tt0068646,tr0777864,"The cat held by <a class=""ipc-md-link ipc-md-link--entity"" href=""/name/nm0000008/?ref_=tttrv_tr"">Marlon Brando</a> in the opening scene was a stray that Coppola found while on the lot at &quot;Paramount Pictures,&quot; and was not originally called for in the script. So content was the cat that its purring muffled some of Brando&#39;s dialogue and, as a result, most of his lines had to be looped.",1981,1966,uncategorized,Uncategorized
tt0068646,tr0777876,"<a class=""ipc-md-link ipc-md-link--entity"" href=""/name/nm0000008/?ref_=tttrv_tr"">Marlon Brando</a> wanted to make Don Corleone &quot;look like a bulldog,&quot; so he stuffed his cheeks with cotton wool for the audition. For the actual filming, he wore a mouthpiece made by Dick Smith. This appliance is on display in the American Museum of the Academy Museum of Motion Pictures in Los Angeles in a special Godfather exhibition",2408,2387,uncategorized,Uncategorized
tt0068646,tr0777836,"The smack that Vito gives Johnny Fontane was not in the script. <a class=""ipc-md-link ipc-md-link--entity"" href=""/name/nm0000008/?ref_=tttrv_tr"">Marlon Brando</a> improvised the smack and <a class=""ipc-md-link ipc-md-link--entity"" href=""/name/nm0553887/?ref_=tttrv_tr"">Al Martino</a>&#39;s confused reaction was real. According to <a class=""ipc-md-link ipc-md-link--entity"" href=""/name/nm0001001/?ref_=tttrv_tr"">James Caan</a>, &quot;Martino didn&#39;t know whether to laugh or cry.&quot;",1596,1583,uncategorized,Uncategorized
tt0068646,tr1477259,"There was intense friction between <a class=""ipc-md-link ipc-md-link--entity"" href=""/name/nm0000338/?ref_=tttrv_tr"">Francis Ford Coppola</a> and Paramount Pictures, in which Paramount Pictures frequently tried to have Coppola replaced, citing his inability to stay on schedule, unnecessary expenses, and production and casting errors (Coppola actually completed the film ahead of schedule and under budget).",1455,1442,uncategorized,Uncategorized
tt0068646,tr0758927,"<a class=""ipc-md-link ipc-md-link--entity"" href=""/name/nm0144710/?ref_=tttrv_tr"">Richard S. Castellano</a> ad-libbed the line &quot;Leave the gun, take the cannoli.&quot;",1444,1430,uncategorized,Uncategorized
tt0068646,tr0777765,"<a class=""ipc-md-link ipc-md-link--entity"" href=""/name/nm0001001/?ref_=tttrv_tr"">James Caan</a> improvised the part where he throws the FBI photographer&#39;s camera to the ground. The actor&#39;s frightened reaction is genuine. Caan also came up with the idea of throwing money at the man to make up for breaking his camera. As he put it, &quot;Where I came from, you broke something, you replaced it or repaid the owner.&quot;",2040,2018,uncategorized,Uncategorized
tt0068646,tr0777868,"<a class=""ipc-md-link ipc-md-link--entity"" href=""/name/nm0000338/?ref_=tttrv_tr"">Francis Ford Coppola</a> insisted on the film being called &quot;<a class=""ipc-md-link ipc-md-link--entity"" href=""/name/nm0701374/?ref_=tttrv_tr"">Mario Puzo</a>&#39;s The Godfather&quot; rather than just &quot;The Godfather&quot;, because his original draft of the screenplay was so faithful to the novel, he thought Puzo deserved the credit for it.",1159,1148,uncategorized,Uncategorized
tt0068646,tr0777810,"According to <a class=""ipc-md-link ipc-md-link--entity"" href=""/name/nm0000199/?ref_=tttrv_tr"">Al Pacino</a>, the tears in <a class=""ipc-md-link ipc-md-link--entity"" href=""/name/nm0000008/?ref_=tttrv_tr"">Marlon Brando</a>&#39;s eyes were real, in the hospital scene when Michael pledges himself to his father.",1473,1455,uncategorized,Uncategorized
tt0068646,tr0777777,"<a class=""ipc-md-link ipc-md-link--entity"" href=""/name/nm0000080/?ref_=tttrv_tr"">Orson Welles</a> lobbied to get the part of Don Vito Corleone, even offering to lose a good deal of weight in order to get the role. <a class=""ipc-md-link ipc-md-link--entity"" href=""/name/nm0000338/?ref_=tttrv_tr"">Francis Ford Coppola</a>, a Welles fan, had to turn him down because he already had <a class=""ipc-md-link ipc-md-link--entity"" href=""/name/nm0000008/?ref_=tttrv_tr"">Marlon Brando</a> in mind for the role and felt Welles wouldn&#39;t be right for it.",961,950,uncategorized,Uncategorized
tt0068646,tr2306074,"Michael&#39;s speech to Apollonia&#39;s father was originally written to be in Sicilian, as it was in the novel. <a class=""ipc-md-link ipc-md-link--entity"" href=""/name/nm0000199/?ref_=tttrv_tr"">Al Pacino</a>, however, did not speak Sicilian fluently, and could not learn such a lengthy speech. <a class=""ipc-md-link ipc-md-link--entity"" href=""/name/nm0000338/?ref_=tttrv_tr"">Francis Ford Coppola</a> re-wrote the scene at the last minute to have Michael speak English, and have Fabrizio translate for him.",426,423,uncategorized,Uncategorized
tt0068646,tr1477284,"Note the attention to detail: most of the cars have wooden bumpers. Bumpers were removed by car owners during World War II, and replaced with wooden ones. The chrome ones were turned in to help with the war effort. After the war, it took several years for them to be replaced.",1419,1400,uncategorized,Uncategorized
tt0068646,tr0777773,"The scene where Sonny beats up Carlo (Connie&#39;s husband) took four days to shoot, and featured more than 700 extras. The use of the garbage can lid was improvised by <a class=""ipc-md-link ipc-md-link--entity"" href=""/name/nm0001001/?ref_=tttrv_tr"">James Caan</a>.",1293,1275,uncategorized,Uncategorized
tt0068646,tr1477267,"<a class=""ipc-md-link ipc-md-link--entity"" href=""/name/nm0000040/?ref_=tttrv_tr"">Stanley Kubrick</a> thought the film had the best cast ever and could be the best movie ever made.",1589,1565,uncategorized,Uncategorized
tt0068646,tr0758926,"<a class=""ipc-md-link ipc-md-link--entity"" href=""/name/nm0000008/?ref_=tttrv_tr"">Marlon Brando</a> did not memorize most of his lines and read from cue cards during most of the film. As a matter of fact, Marlon, who was the father of Method acting, was famous for this; he felt that doing a cold open type reading for the cameras, and then using that very first un-practiced take, was the best way to get an authentic performance. He did the exact same thing for Superman. The set for Krypton was filled with the cards pasted here and there for Marlon as he read his lines for the first time. There is a famous production still of a scene featuring Brando, James Caan and Robert Duvall, where Duvall is wearing a cue card, with Brando&#39;s lines written on it.",1640,1615,uncategorized,Uncategorized
tt0068646,tr0777830,"<a class=""ipc-md-link ipc-md-link--entity"" href=""/name/nm0000338/?ref_=tttrv_tr"">Francis Ford Coppola</a> turned in an initial Director&#39;s Cut running two hours and six minutes. &quot;Paramount Pictures&quot; production chief <a class=""ipc-md-link ipc-md-link--entity"" href=""/name/nm0263172/?ref_=tttrv_tr"">Robert Evans</a> rejected this version, and demanded a longer cut with more scenes about the family. The final release version was nearly fifty minutes longer than Coppola&#39;s initial cut.",828,817,uncategorized,Uncategorized
tt0068646,tr2019543,"According to <a class=""ipc-md-link ipc-md-link--entity"" href=""/name/nm0144710/?ref_=tttrv_tr"">Richard S. Castellano</a>, he defended <a class=""ipc-md-link ipc-md-link--entity"" href=""/name/nm0932336/?ref_=tttrv_tr"">Gordon Willis</a> during a disagreement Willis was having with <a class=""ipc-md-link ipc-md-link--entity"" href=""/name/nm0000338/?ref_=tttrv_tr"">Francis Ford Coppola</a>. Coppola got revenge on Castellano by making him do twenty takes of the shots of Clemenza walking up four flights of stairs.",821,810,uncategorized,Uncategorized
tt0068646,tr0777800,"Don Vito Corleone&#39;s distinctive voice was based on real-life mobster <a class=""ipc-md-link ipc-md-link--entity"" href=""/name/nm1388931/?ref_=tttrv_tr"">Frank Costello</a>. <a class=""ipc-md-link ipc-md-link--entity"" href=""/name/nm0000008/?ref_=tttrv_tr"">Marlon Brando</a> had seen him on television during the <a class=""ipc-md-link ipc-md-link--entity"" href=""/name/nm0444877/?ref_=tttrv_tr"">Estes Kefauver</a> hearings in 1951, and imitated his husky whisper in the film.",856,844,uncategorized,Uncategorized
tt0068646,tr0777811,"According to <a class=""ipc-md-link ipc-md-link--entity"" href=""/name/nm0701374/?ref_=tttrv_tr"">Mario Puzo</a>, the character of Johnny Fontane was not based on <a class=""ipc-md-link ipc-md-link--entity"" href=""/name/nm0000069/?ref_=tttrv_tr"">Frank Sinatra</a>. However, it was widely assumed that he was, and Sinatra was furious. He angrily confronted Puzo at a restaurant in the Upper East Side, and Puzo recalled, &quot;I do remember him saying that if it wasn&#39;t that I was so much older than he [Puzo was actually five years younger than Sinatra], he would beat the hell out of me. What hurt was that there he was, a northern Italian, threatening me, a southern Italian, with physical violence. This was roughly equivalent to Einstein pulling a knife on <a class=""ipc-md-link ipc-md-link--entity"" href=""/name/nm0135330/?ref_=tttrv_tr"">Al Capone</a>. It just wasn&#39;t done.&quot;",1102,1085,uncategorized,Uncategorized
tt0068646,tr2555470,"<a class=""ipc-md-link ipc-md-link--entity"" href=""/name/nm0000338/?ref_=tttrv_tr"">Francis Ford Coppola</a> originally planned to open the film with the wedding, immediately introducing all the characters. Then a friend pointed out how interestingly he had written the opening scene of <a class=""ipc-md-link ipc-md-link--entity"" href=""/title/tt0066206/?ref_=tttrv_tr"">Patton (1970)</a>. Coppola then re-wrote the opening with the Bonasera scene.",290,288,uncategorized,Uncategorized
tt0068646,tr0777867,"<a class=""ipc-md-link ipc-md-link--entity"" href=""/name/nm0000199/?ref_=tttrv_tr"">Al Pacino</a>&#39;s maternal grandparents immigrated to America from Corleone, Sicily, just as Vito Corleone had.",1506,1480,uncategorized,Uncategorized
tt0068646,tr0777799,"The early buzz on this movie was so positive that a sequel was planned before the film was even finished filming.",912,898,uncategorized,Uncategorized
tt0068646,tr0777806,"According to <a class=""ipc-md-link ipc-md-link--entity"" href=""/name/nm0000338/?ref_=tttrv_tr"">Francis Ford Coppola</a>, the film took 62 days to shoot: from March 23 to May 24, 1971.",698,688,uncategorized,Uncategorized
tt0068646,tr0777860,"For the scene where Clemenza is cooking, <a class=""ipc-md-link ipc-md-link--entity"" href=""/name/nm0000338/?ref_=tttrv_tr"">Francis Ford Coppola</a> originally wrote in the script, &quot;Clemenza browns some sausage.&quot; Upon seeing this, <a class=""ipc-md-link ipc-md-link--entity"" href=""/name/nm0701374/?ref_=tttrv_tr"">Mario Puzo</a> crossed out &quot;browns&quot; and replaced it with &quot;fries&quot;, writing in the margin, &quot;gangsters don&#39;t brown.&quot;",1025,1008,uncategorized,Uncategorized
tt0068646,tr0777744,"<a class=""ipc-md-link ipc-md-link--entity"" href=""/name/nm0001466/?ref_=tttrv_tr"">Sergio Leone</a> was approached to direct the film, but turned it down since he felt the story, which glorified the Mafia, was not interesting enough. He later regretted refusing the offer, but would go on to direct his own critically acclaimed gangster film, &quot;<a class=""ipc-md-link ipc-md-link--entity"" href=""/title/tt0087843/?ref_=tttrv_tr"">Once Upon a Time in America (1984)</a>.&quot;",572,563,uncategorized,Uncategorized
tt0068646,tr2891177,"To add a sense of reality to the wedding scene (and because he only had two days to shoot it), <a class=""ipc-md-link ipc-md-link--entity"" href=""/name/nm0000338/?ref_=tttrv_tr"">Francis Ford Coppola</a> had the cast freely act out and improvise in the background of the wedding scene. He then shot specific vignettes amongst the action.",185,184,uncategorized,Uncategorized
tt0068646,tr0777753,"<a class=""ipc-md-link ipc-md-link--entity"" href=""/name/nm0000184/?ref_=tttrv_tr"">George Lucas</a> put together the &quot;Mattress Sequence&quot; (the montage of crime scene photos and headlines about the war between the five families) as a favor to <a class=""ipc-md-link ipc-md-link--entity"" href=""/name/nm0000338/?ref_=tttrv_tr"">Francis Ford Coppola</a> for helping him fund <a class=""ipc-md-link ipc-md-link--entity"" href=""/title/tt0069704/?ref_=tttrv_tr"">American Graffiti (1973)</a>. He asked not to be credited. Lucas used photos from real crime scenes. The corpse on the ground near a chain link fence is <a class=""ipc-md-link ipc-md-link--entity"" href=""/name/nm1533916/?ref_=tttrv_tr"">Frank Nitti</a> (aka &quot;The Enforcer&quot;), <a class=""ipc-md-link ipc-md-link--entity"" href=""/name/nm0135330/?ref_=tttrv_tr"">Al Capone</a>&#39;s right-hand man who had not been murdered, but actually shot himself. During the scene, Coppola&#39;s father, Carmine, is the piano player.",894,877,uncategorized,Uncategorized
