"title","price"
"JBL Flip 4 Waterproof Portable Bluetooth Speaker","$74.95"
"Sony XBR-950G BRAVIA 4K HDR Ultra HD TV","From $1,398.00"
"Sony SACS9 10"" Active Subwoofer","$158.00"
"Sony PS-HX500 Hi-Res USB Turntable","$398.00"
"Klipsch R-120SW Powerful Detailed Home Speaker - Unit","$324.00"
"Denon AH-C720 In-Ear Headphones","$119.00"
"Sony XBR-85X850F 85-Inch 4K Ultra HD Smart LED TV","$3,498.00"
"Sony XBR-75X850F 75-Inch 4K Ultra HD Smart LED TV","$1,998.00"
"Sony XBR-55A8F 55-Inch 4K Ultra HD Smart BRAVIA OLED TV","$2,298.00"
"Sony XB-950B1 Extra Bass Wireless Headphones with App Control","From $128.00"
"Sony UBPX1000ES 4K Ultra HD Blu-Ray Disc Player","$498.00"
"Sony S200F 2.1-Ch Sound Bar with Built-In Subwoofer and Bluetooth (HT200F)","$148.00"
"Sony HT-Z9F 3.1-Ch Dolby Atmos/DTS:X Sound Bar with Wi-Fi/Bluetooth","$798.00"
"Samsung UN82NU8000 Flat 82-Inch 4K UHD 8 Series Smart LED TV","$2,697.99"
"Samsung UN75NU8000 Flat 75-Inch 4K UHD 8 Series Smart LED TV","$1,797.99"
"Samsung UN65NU8500 Curved 65-Inch 4K UHD 8 Series Smart LED TV","$1,097.99"
"Samsung UN55NU8000 Flat 55-Inch 4K UHD 8 Series Smart TV","$797.99"
"Samsung Surround Sound Bar Home Speaker, Set of 7 (HW-NW700/ZA)","$647.99"
"Samsung QN82Q6 Flat 82-Inch QLED 4K UHD 6 Series Smart TV","$2,997.99"
"Samsung QN75Q9F Flat 75-Inch QLED 4K UHD 9 Series Smart TV","$4,997.99"
"Samsung QN75Q8F Flat 75-Inch QLED 4K UHD 8 Series Smart TV","$3,497.99"
"Samsung QN75Q7F Flat 75-Inch QLED 4K UHD 7 Series Smart TV","$2,797.99"
"Samsung QN75Q6 Flat 75-Inch QLED 4K UHD 6 Series Smart TV","$2,297.99"
"Samsung QN65Q9F Flat 65-Inch QLED 4K UHD 9 Series Smart TV","$3,297.99"