post-title,post-link,post-type,post-id,comment-count,score,author,content
[LotM] Other gods vs klein,/r/LordofTheMysteries/comments/1iylxmx/lotm_other_gods_vs_klein/,image,t3_1iylxmx,10,258,legendAmourshipper,https://i.redd.it/st83sdo54hle1.png
[Coi general] Great Old Dominated üò≠üôè,/r/LordofTheMysteries/comments/1iy5dj7/coi_general_great_old_dominated/,image,t3_1iy5dj7,34,619,Reasonable_Wafer_731,https://i.redd.it/dj0vy5mvkcle1.jpeg
[lotm General] Amon?!!,/r/LordofTheMysteries/comments/1iyk8xf/lotm_general_amon/,image,t3_1iyk8xf,34,244,No_Butterscotch_1393,https://i.redd.it/9dx5scq0kgle1.jpeg
[LotM] Other gods vs klein,/r/LordofTheMysteries/comments/1iylxmx/lotm_other_gods_vs_klein/,image,t3_1iylxmx,10,258,legendAmourshipper,https://i.redd.it/st83sdo54hle1.png
[Coi general] Great Old Dominated üò≠üôè,/r/LordofTheMysteries/comments/1iy5dj7/coi_general_great_old_dominated/,image,t3_1iy5dj7,34,619,Reasonable_Wafer_731,https://i.redd.it/dj0vy5mvkcle1.jpeg
[lotm General] Amon?!!,/r/LordofTheMysteries/comments/1iyk8xf/lotm_general_amon/,image,t3_1iyk8xf,34,244,No_Butterscotch_1393,https://i.redd.it/9dx5scq0kgle1.jpeg
Truly the greatest Honorific name in [LOTM],/r/LordofTheMysteries/comments/1iyps1d/truly_the_greatest_honorific_name_in_lotm/,image,t3_1iyps1d,14,135,dippypig,https://i.redd.it/zwucjvaj2ile1.jpeg
[lotm] some of the in game screenshots for the upcoming lotm game just dropped,/r/LordofTheMysteries/comments/1iump0o/lotm_some_of_the_in_game_screenshots_for_the/,gallery,t3_1iump0o,79,575,re6278,https://www.reddit.com/gallery/1iump0o
(coiv8) what is corruption?,/r/LordofTheMysteries/comments/1iyvwdd/coiv8_what_is_corruption/,text,t3_1iyvwdd,1,2,sleepyss,What is it? Apparently even goo fear it? I know it makes you crazy but what is it exactly?
"[Lotm ch 1335] ""I"".",/r/LordofTheMysteries/comments/1iyrf5y/lotm_ch_1335_i/,image,t3_1iyrf5y,11,62,mad3ub,https://i.redd.it/un3vme2zeile1.jpeg
[Lotm general] he scawy ü•∫üëâüëà,/r/LordofTheMysteries/comments/1iupkxu/lotm_general_he_scawy/,image,t3_1iupkxu,21,541,Reasonable_Wafer_731,https://i.redd.it/vkzb102qihke1.jpeg
[Lotm v7] Tell me your fav Lotm ships and I'll rate them /10,/r/LordofTheMysteries/comments/1iygorg/lotm_v7_tell_me_your_fav_lotm_ships_and_ill_rate/,image,t3_1iygorg,252,224,mad3ub,https://i.redd.it/jdz2jdsfafle1.png
[LoTM Meme] OMG! Mr. FOOL in WuWa!!!!??!?!!!!üßêüßêüßê,/r/LordofTheMysteries/comments/1iwalts/lotm_meme_omg_mr_fool_in_wuwa/,image,t3_1iwalts,17,490,Keiken96,https://i.redd.it/oyp5e3639wke1.png
Question ü§î [Lotm book 1(complete)],/r/LordofTheMysteries/comments/1iyvw4h/question_lotm_book_1complete/,text,t3_1iyvw4h,0,1,Demon_Lord_Azrail,"So, recently I was rereading the novel and there was the part of using the divinations using a third party for any answer or sorts and here some kind of malicious entity or spirits were referred to, and I think there were also part of evil gods that can be talked to and no, I am not talking h about the beyknder pathway so what exactly are these things?"
"[Lotm ch 1339] stop it , please I'm begging you just stop it , not him again , I can't take this back to back please just stop CF",/r/LordofTheMysteries/comments/1iysxi5/lotm_ch_1339_stop_it_please_im_begging_you_just/,image,t3_1iysxi5,9,16,mad3ub,https://i.redd.it/useps3j0qile1.png
[Lotm]AUDREY BEST GIRL,/r/LordofTheMysteries/comments/1ivmv0k/lotmaudrey_best_girl/,image,t3_1ivmv0k,40,486,TheAlmightySquare,https://i.redd.it/0hwfqgjcypke1.jpeg
"[Lotm v7] ""Be careful of the spectator"" üëÅÔ∏è",/r/LordofTheMysteries/comments/1iyv44v/lotm_v7_be_careful_of_the_spectator/,image,t3_1iyv44v,4,10,mad3ub,https://i.redd.it/qicscr3u5jle1.png
[Lotm]English Translation of upcoming game,/r/LordofTheMysteries/comments/1ivax1i/lotmenglish_translation_of_upcoming_game/,gallery,t3_1ivax1i,56,459,UniversityExpress412,https://www.reddit.com/gallery/1ivax1i
"[Lotm general] ""Babe , would you love me if I was a worm?"" Yes. Yes I would.",/r/LordofTheMysteries/comments/1iwwby7/lotm_general_babe_would_you_love_me_if_i_was_a/,image,t3_1iwwby7,23,442,mad3ub,https://i.redd.it/5rrcne7jf1le1.jpeg
"[Lotm general] truly the most hard working ""protector of all children""! he even knows them before birthüò≠üôè",/r/LordofTheMysteries/comments/1iu1vke/lotm_general_truly_the_most_hard_working/,image,t3_1iu1vke,35,412,Reasonable_Wafer_731,https://i.redd.it/4sr2tbxehbke1.jpeg
"[Lotm ch 1149] ""Can you accept such an outcome?"" What. The. FU##.",/r/LordofTheMysteries/comments/1itcqkq/lotm_ch_1149_can_you_accept_such_an_outcome_what/,image,t3_1itcqkq,36,368,mad3ub,https://i.redd.it/4kj0e59b35ke1.png
[LOTM]guys help I'm becoming more corrupted but I found gold while looking for copper,/r/LordofTheMysteries/comments/1iuuevj/lotmguys_help_im_becoming_more_corrupted_but_i/,image,t3_1iuuevj,49,339,TheAlmightySquare,https://i.redd.it/h5p6hx89nike1.jpeg
[LotM V2] Can you roleplay as Klein in Baldur's Gate 3,/r/LordofTheMysteries/comments/1iyuwt9/lotm_v2_can_you_roleplay_as_klein_in_baldurs_gate/,text,t3_1iyuwt9,1,0,THUNDERBIRD10tk,Just got Baldur's Gate 3 got and was curious if it was possible to play as a low sequence beyonder
[LotM] The best father in all of LotM verse,/r/LordofTheMysteries/comments/1it1a9i/lotm_the_best_father_in_all_of_lotm_verse/,gallery,t3_1it1a9i,20,319,legendAmourshipper,https://www.reddit.com/gallery/1it1a9i
[COI V7]Amon ready for the Apocalypse,/r/LordofTheMysteries/comments/1iyrg4n/coi_v7amon_ready_for_the_apocalypse/,image,t3_1iyrg4n,3,16,Lei_Yinglo_2320,https://i.redd.it/djqrtpt5file1.png
"[Lotm ch 1338] No , no no no no no no no. This can't be real, this can't be happening right now.",/r/LordofTheMysteries/comments/1iysgy5/lotm_ch_1338_no_no_no_no_no_no_no_no_this_cant_be/,text,t3_1iysgy5,5,11,mad3ub,"This time, a grayish-white fog appeared before Verdu. In the fog, there was a faintly discernible street and a row of terraces. Outside one of the houses, there was a wooden signboard. On them were a few Loenese words: ‚ÄúBansy Harbor Telegraph Office.‚Äù While Verdu‚Äôs pupils dilated, a calm voice sounded from the telegraph office that was shrouded in fog. ‚ÄúAre you‚Ä¶ here to send‚Ä¶ a telegram? ‚ÄúPlease come in.‚Äù"
[LotM Vol 8] Tf Did I just read in Ch 1378,/r/LordofTheMysteries/comments/1iyjk2g/lotm_vol_8_tf_did_i_just_read_in_ch_1378/,text,t3_1iyjk2g,7,27,Coding_Wanted,"‚ÄúThey‚Äù raised ‚ÄúTheir‚Äù hands and adjusted ‚ÄúTheir‚Äù monocles, causing the redness in ‚ÄúTheir‚Äù eyes to vanish. Others looked down at ‚ÄúTheir‚Äù stomachs and reached out to stroke them. 

A second later, the bulging stomachs split open, and baby after baby with faint crimson colors appeared. 

These infants didn‚Äôt cry, nor were they deformed. All of them took out crystal monocles from the void in smooth succession and wore them to their right eye. 

The number of Amons increased. 

‚ÄúHe‚Äù had converted the babies which were due, turning them into ‚ÄúHis‚Äù avatars so as to prevent the corruption of the Primordial Moon from interfering with ‚ÄúHim.‚Äù 

Tf. Also I completed LotM :)"
[Lotm general] Did I cook this time?,/r/LordofTheMysteries/comments/1iyndlb/lotm_general_did_i_cook_this_time/,video,t3_1iyndlb,17,11,mad3ub,https://v.redd.it/y82n1x2dihle1
[LOTM General] Anyone have the link to high quality pictures of these Cards of Blasphemy artworks?,/r/LordofTheMysteries/comments/1iy1ob6/lotm_general_anyone_have_the_link_to_high_quality/,gallery,t3_1iy1ob6,13,172,hamidsyedhaider,https://www.reddit.com/gallery/1iy1ob6
[LOTM General] It's our time boys.,/r/LordofTheMysteries/comments/1ivigxu/lotm_general_its_our_time_boys/,crosspost,t3_1ivigxu,37,313,Odd_Hearing_6818,/r/interestingasfuck/comments/1ivcn8k/in_the_ruins_of_chernobyl_scientists_discovered_a/
[Coi End] State of Current Pathways,/r/LordofTheMysteries/comments/1iyd0h2/coi_end_state_of_current_pathways/,text,t3_1iyd0h2,4,36,Admirable_Neck4869,"I just wanted to go through the pathways current sequence 0 and up 

Blocked Pathways 

Fool/Seer - Blocked by Klein 

Error/Marauder - Blocked by Klein 

Door/Apprentice - Blocked by Klein 

Red Priest/Hunter - Blocked by Lumian 

Demoness/Assassin - Blocked by Lumian 

Twilight Giant/Warrior - Blocked by Evernight 

Darkness/Sleepless - Blocked by Evernight 

Death/Corpse Collector- Blocked by Evernight 

Hermit/Mystery Pryer - Blocked by Stiano 

Paragon/Savant - Blocked by Stiano 

Black Emperor/Lawyer - Blocked by Nation of Disorder (Roselle if NoD can‚Äôt level up in time) 

Justiciar/Arbiter - Blocked by Nation of Disorder (Roselle if NoD can‚Äôt level up in time) 

Moon/Apothecary - Blocked by MGOD (1 absorbed; Lilith has resurrection plan with another; third unknown; ATS also blocked as MGOD has Brood Hive) 

‚Äî‚Äî‚Äî‚Äî‚Äî‚Äî 

Open Pathways 

Chained/Prisoner - Open (but Klein has 2 S1 characteristics & uniqueness, Reinnette has 1; additionally ATS blocked as MTOD has Tenebrous World) 

Abyss/Criminal - Open (No S1 or Uniqueness found; ATS blocked as MTOD has Tenebrous World) 

Wheel of Fortune/Monster - Open (but mainly just contest between 2 KoA Will and Ouro) 

Mother/Planter - Open (ATS blocked as MGOD has Brood Hive; however Lilith has resurrection plan) 

‚Äî‚Äî‚Äî‚Äî‚Äî‚Äî- 

Open (But Not Really Because of Primordial God Almighty) 

Visionary/Spectator - Becoming S0 will awaken PGA 

Hanged Man/Secrets Suppliant - Becoming S0 will awaken PGA 

Sun/Bard - Becoming S0 will awaken PGA 

Tyrant/Sailor - Becoming S0 will awaken PGA 

White Tower/Reader - Becoming S0 will awaken PGA 

‚Äî‚Äî‚Äî‚Äî‚Äî‚Äî- 

Honestly feel bad for SoC - MTOD and MGOD have their sefirot back but he‚Äôs still getting bullied by Klein, so now he‚Äôs the only direct OC child that still hasn‚Äôt reclaimed anything üòî"
[LotM] Other gods vs klein,/r/LordofTheMysteries/comments/1iylxmx/lotm_other_gods_vs_klein/,image,t3_1iylxmx,10,258,legendAmourshipper,https://i.redd.it/st83sdo54hle1.png
[Coi general] Great Old Dominated üò≠üôè,/r/LordofTheMysteries/comments/1iy5dj7/coi_general_great_old_dominated/,image,t3_1iy5dj7,34,619,Reasonable_Wafer_731,https://i.redd.it/dj0vy5mvkcle1.jpeg
[lotm General] Amon?!!,/r/LordofTheMysteries/comments/1iyk8xf/lotm_general_amon/,image,t3_1iyk8xf,34,244,No_Butterscotch_1393,https://i.redd.it/9dx5scq0kgle1.jpeg
Truly the greatest Honorific name in [LOTM],/r/LordofTheMysteries/comments/1iyps1d/truly_the_greatest_honorific_name_in_lotm/,image,t3_1iyps1d,14,135,dippypig,https://i.redd.it/zwucjvaj2ile1.jpeg
[lotm] some of the in game screenshots for the upcoming lotm game just dropped,/r/LordofTheMysteries/comments/1iump0o/lotm_some_of_the_in_game_screenshots_for_the/,gallery,t3_1iump0o,79,575,re6278,https://www.reddit.com/gallery/1iump0o
(coiv8) what is corruption?,/r/LordofTheMysteries/comments/1iyvwdd/coiv8_what_is_corruption/,text,t3_1iyvwdd,1,2,sleepyss,What is it? Apparently even goo fear it? I know it makes you crazy but what is it exactly?
"[Lotm ch 1335] ""I"".",/r/LordofTheMysteries/comments/1iyrf5y/lotm_ch_1335_i/,image,t3_1iyrf5y,11,62,mad3ub,https://i.redd.it/un3vme2zeile1.jpeg
[Lotm general] he scawy ü•∫üëâüëà,/r/LordofTheMysteries/comments/1iupkxu/lotm_general_he_scawy/,image,t3_1iupkxu,21,541,Reasonable_Wafer_731,https://i.redd.it/vkzb102qihke1.jpeg
[Lotm v7] Tell me your fav Lotm ships and I'll rate them /10,/r/LordofTheMysteries/comments/1iygorg/lotm_v7_tell_me_your_fav_lotm_ships_and_ill_rate/,image,t3_1iygorg,252,224,mad3ub,https://i.redd.it/jdz2jdsfafle1.png
[LoTM Meme] OMG! Mr. FOOL in WuWa!!!!??!?!!!!üßêüßêüßê,/r/LordofTheMysteries/comments/1iwalts/lotm_meme_omg_mr_fool_in_wuwa/,image,t3_1iwalts,17,490,Keiken96,https://i.redd.it/oyp5e3639wke1.png
Question ü§î [Lotm book 1(complete)],/r/LordofTheMysteries/comments/1iyvw4h/question_lotm_book_1complete/,text,t3_1iyvw4h,0,1,Demon_Lord_Azrail,"So, recently I was rereading the novel and there was the part of using the divinations using a third party for any answer or sorts and here some kind of malicious entity or spirits were referred to, and I think there were also part of evil gods that can be talked to and no, I am not talking h about the beyknder pathway so what exactly are these things?"
"[Lotm ch 1339] stop it , please I'm begging you just stop it , not him again , I can't take this back to back please just stop CF",/r/LordofTheMysteries/comments/1iysxi5/lotm_ch_1339_stop_it_please_im_begging_you_just/,image,t3_1iysxi5,9,16,mad3ub,https://i.redd.it/useps3j0qile1.png
[Lotm]AUDREY BEST GIRL,/r/LordofTheMysteries/comments/1ivmv0k/lotmaudrey_best_girl/,image,t3_1ivmv0k,40,486,TheAlmightySquare,https://i.redd.it/0hwfqgjcypke1.jpeg
"[Lotm v7] ""Be careful of the spectator"" üëÅÔ∏è",/r/LordofTheMysteries/comments/1iyv44v/lotm_v7_be_careful_of_the_spectator/,image,t3_1iyv44v,4,10,mad3ub,https://i.redd.it/qicscr3u5jle1.png
[Lotm]English Translation of upcoming game,/r/LordofTheMysteries/comments/1ivax1i/lotmenglish_translation_of_upcoming_game/,gallery,t3_1ivax1i,56,459,UniversityExpress412,https://www.reddit.com/gallery/1ivax1i
"[Lotm general] ""Babe , would you love me if I was a worm?"" Yes. Yes I would.",/r/LordofTheMysteries/comments/1iwwby7/lotm_general_babe_would_you_love_me_if_i_was_a/,image,t3_1iwwby7,23,442,mad3ub,https://i.redd.it/5rrcne7jf1le1.jpeg
"[Lotm general] truly the most hard working ""protector of all children""! he even knows them before birthüò≠üôè",/r/LordofTheMysteries/comments/1iu1vke/lotm_general_truly_the_most_hard_working/,image,t3_1iu1vke,35,412,Reasonable_Wafer_731,https://i.redd.it/4sr2tbxehbke1.jpeg
"[Lotm ch 1149] ""Can you accept such an outcome?"" What. The. FU##.",/r/LordofTheMysteries/comments/1itcqkq/lotm_ch_1149_can_you_accept_such_an_outcome_what/,image,t3_1itcqkq,36,368,mad3ub,https://i.redd.it/4kj0e59b35ke1.png
[LOTM]guys help I'm becoming more corrupted but I found gold while looking for copper,/r/LordofTheMysteries/comments/1iuuevj/lotmguys_help_im_becoming_more_corrupted_but_i/,image,t3_1iuuevj,49,339,TheAlmightySquare,https://i.redd.it/h5p6hx89nike1.jpeg
[LotM V2] Can you roleplay as Klein in Baldur's Gate 3,/r/LordofTheMysteries/comments/1iyuwt9/lotm_v2_can_you_roleplay_as_klein_in_baldurs_gate/,text,t3_1iyuwt9,1,0,THUNDERBIRD10tk,Just got Baldur's Gate 3 got and was curious if it was possible to play as a low sequence beyonder
[LotM] The best father in all of LotM verse,/r/LordofTheMysteries/comments/1it1a9i/lotm_the_best_father_in_all_of_lotm_verse/,gallery,t3_1it1a9i,20,319,legendAmourshipper,https://www.reddit.com/gallery/1it1a9i
[COI V7]Amon ready for the Apocalypse,/r/LordofTheMysteries/comments/1iyrg4n/coi_v7amon_ready_for_the_apocalypse/,image,t3_1iyrg4n,3,16,Lei_Yinglo_2320,https://i.redd.it/djqrtpt5file1.png
"[Lotm ch 1338] No , no no no no no no no. This can't be real, this can't be happening right now.",/r/LordofTheMysteries/comments/1iysgy5/lotm_ch_1338_no_no_no_no_no_no_no_no_this_cant_be/,text,t3_1iysgy5,5,11,mad3ub,"This time, a grayish-white fog appeared before Verdu. In the fog, there was a faintly discernible street and a row of terraces. Outside one of the houses, there was a wooden signboard. On them were a few Loenese words: ‚ÄúBansy Harbor Telegraph Office.‚Äù While Verdu‚Äôs pupils dilated, a calm voice sounded from the telegraph office that was shrouded in fog. ‚ÄúAre you‚Ä¶ here to send‚Ä¶ a telegram? ‚ÄúPlease come in.‚Äù"
[LotM Vol 8] Tf Did I just read in Ch 1378,/r/LordofTheMysteries/comments/1iyjk2g/lotm_vol_8_tf_did_i_just_read_in_ch_1378/,text,t3_1iyjk2g,7,27,Coding_Wanted,"‚ÄúThey‚Äù raised ‚ÄúTheir‚Äù hands and adjusted ‚ÄúTheir‚Äù monocles, causing the redness in ‚ÄúTheir‚Äù eyes to vanish. Others looked down at ‚ÄúTheir‚Äù stomachs and reached out to stroke them. 

A second later, the bulging stomachs split open, and baby after baby with faint crimson colors appeared. 

These infants didn‚Äôt cry, nor were they deformed. All of them took out crystal monocles from the void in smooth succession and wore them to their right eye. 

The number of Amons increased. 

‚ÄúHe‚Äù had converted the babies which were due, turning them into ‚ÄúHis‚Äù avatars so as to prevent the corruption of the Primordial Moon from interfering with ‚ÄúHim.‚Äù 

Tf. Also I completed LotM :)"
[Lotm general] Did I cook this time?,/r/LordofTheMysteries/comments/1iyndlb/lotm_general_did_i_cook_this_time/,video,t3_1iyndlb,17,11,mad3ub,https://v.redd.it/y82n1x2dihle1
[LOTM General] Anyone have the link to high quality pictures of these Cards of Blasphemy artworks?,/r/LordofTheMysteries/comments/1iy1ob6/lotm_general_anyone_have_the_link_to_high_quality/,gallery,t3_1iy1ob6,13,172,hamidsyedhaider,https://www.reddit.com/gallery/1iy1ob6
[LOTM General] It's our time boys.,/r/LordofTheMysteries/comments/1ivigxu/lotm_general_its_our_time_boys/,crosspost,t3_1ivigxu,37,313,Odd_Hearing_6818,/r/interestingasfuck/comments/1ivcn8k/in_the_ruins_of_chernobyl_scientists_discovered_a/
[Coi End] State of Current Pathways,/r/LordofTheMysteries/comments/1iyd0h2/coi_end_state_of_current_pathways/,text,t3_1iyd0h2,4,36,Admirable_Neck4869,"I just wanted to go through the pathways current sequence 0 and up 

Blocked Pathways 

Fool/Seer - Blocked by Klein 

Error/Marauder - Blocked by Klein 

Door/Apprentice - Blocked by Klein 

Red Priest/Hunter - Blocked by Lumian 

Demoness/Assassin - Blocked by Lumian 

Twilight Giant/Warrior - Blocked by Evernight 

Darkness/Sleepless - Blocked by Evernight 

Death/Corpse Collector- Blocked by Evernight 

Hermit/Mystery Pryer - Blocked by Stiano 

Paragon/Savant - Blocked by Stiano 

Black Emperor/Lawyer - Blocked by Nation of Disorder (Roselle if NoD can‚Äôt level up in time) 

Justiciar/Arbiter - Blocked by Nation of Disorder (Roselle if NoD can‚Äôt level up in time) 

Moon/Apothecary - Blocked by MGOD (1 absorbed; Lilith has resurrection plan with another; third unknown; ATS also blocked as MGOD has Brood Hive) 

‚Äî‚Äî‚Äî‚Äî‚Äî‚Äî 

Open Pathways 

Chained/Prisoner - Open (but Klein has 2 S1 characteristics & uniqueness, Reinnette has 1; additionally ATS blocked as MTOD has Tenebrous World) 

Abyss/Criminal - Open (No S1 or Uniqueness found; ATS blocked as MTOD has Tenebrous World) 

Wheel of Fortune/Monster - Open (but mainly just contest between 2 KoA Will and Ouro) 

Mother/Planter - Open (ATS blocked as MGOD has Brood Hive; however Lilith has resurrection plan) 

‚Äî‚Äî‚Äî‚Äî‚Äî‚Äî- 

Open (But Not Really Because of Primordial God Almighty) 

Visionary/Spectator - Becoming S0 will awaken PGA 

Hanged Man/Secrets Suppliant - Becoming S0 will awaken PGA 

Sun/Bard - Becoming S0 will awaken PGA 

Tyrant/Sailor - Becoming S0 will awaken PGA 

White Tower/Reader - Becoming S0 will awaken PGA 

‚Äî‚Äî‚Äî‚Äî‚Äî‚Äî- 

Honestly feel bad for SoC - MTOD and MGOD have their sefirot back but he‚Äôs still getting bullied by Klein, so now he‚Äôs the only direct OC child that still hasn‚Äôt reclaimed anything üòî"
[Lotm newbie] Good quality english translation epub download,/r/LordofTheMysteries/comments/1iytp68/lotm_newbie_good_quality_english_translation_epub/,text,t3_1iytp68,0,0,javiepie,Hi does anybody have a good quality english translation epub download link? it is my first time reading lotm and the download link that i have right now has quite a few translation errors. thanks in advance!
[coi general] always wonder if this sequence actually doing anything to his brain,/r/LordofTheMysteries/comments/1iwigr1/coi_general_always_wonder_if_this_sequence/,image,t3_1iwigr1,28,298,Desperate_Ad1450,https://i.redd.it/yhwnnturyxke1.jpeg
[Lotm general] Directed towards all the courrpted people in here,/r/LordofTheMysteries/comments/1ixwtxk/lotm_general_directed_towards_all_the_courrpted/,image,t3_1ixwtxk,43,285,mad3ub,https://i.redd.it/mvhal1b1uale1.png
The indestructible psyche of pillars inside beyonders characteristics (Lotm overall),/r/LordofTheMysteries/comments/1iytekl/the_indestructible_psyche_of_pillars_inside/,text,t3_1iytekl,4,3,Fluffy_Government225,Does all the characteristics of theirs pathways contain their will or only the uniqueness ? Because in the plan of CW he had to prepare a special set of corrupted characteristics to be able to resurrect at angel level.And if one will is contain in a charac does pillars can recall it to them at any time ?
[CoI End] Virgin Inexstinguishable Ravings vs Chad Father of Devils,/r/LordofTheMysteries/comments/1iy8pk2/coi_end_virgin_inexstinguishable_ravings_vs_chad/,gallery,t3_1iy8pk2,8,64,Infamous-Fortune8666,https://www.reddit.com/gallery/1iy8pk2
[LotMV8] Is there any sequence which restrains Miracle invokers wishing power?,/r/LordofTheMysteries/comments/1iyimo6/lotmv8_is_there_any_sequence_which_restrains/,text,t3_1iyimo6,22,12,Affectionate-Win7377,NA
[Lotm v6] Am I cooking or am I cooked?,/r/LordofTheMysteries/comments/1itxye7/lotm_v6_am_i_cooking_or_am_i_cooked/,video,t3_1itxye7,29,282,mad3ub,https://v.redd.it/kb87aax9lake1
[Lotm ch 1188] Leodero is so petty for a literal godüò≠,/r/LordofTheMysteries/comments/1iu1yp3/lotm_ch_1188_leodero_is_so_petty_for_a_literal_god/,image,t3_1iu1yp3,14,275,mad3ub,https://i.redd.it/73ct2zi1ibke1.png
Someone asked cuttlefish about the measurements of Fors and Evernight [lotm general],/r/LordofTheMysteries/comments/1iwwq7y/someone_asked_cuttlefish_about_the_measurements/,image,t3_1iwwq7y,23,268,the-fool0,https://i.redd.it/bqa4fw4hk1le1.png
[LOTM V8] Power of miracles,/r/LordofTheMysteries/comments/1iyddvc/lotm_v8_power_of_miracles/,text,t3_1iyddvc,5,15,Pale-Investment-2338,"So, I was re-reading LOTM (just for fun). When I got to the section about the Genie lamp and how it grants wishes, 10 wishes to be exact but in an extremely distorted way, I was confused. 

But then, I later realised that the genie probably grants wishes because it is accumulating the power of wishes by using the miracle invoker characteristic that is used to seal it. However, the seal also distorts the power of wishes such that the number of wishes that anyone can make doesn't exceed 3 as it would kill the user. 

In other words, it is possible that, either after fulfilling a lot of wishes from many different users, each not making more than 3, the genie would break the seal or finding someone extremely strong that can withstand the harmful effects of 10 wishes which will free the genie. 

Just wanted to share this, as I found this detail pretty interesting."
[LOTM CH1390] This chapter was a roller coaster of emotions,/r/LordofTheMysteries/comments/1iy4nk4/lotm_ch1390_this_chapter_was_a_roller_coaster_of/,gallery,t3_1iy4nk4,1,44,ayanokoki_kiyotaka,https://www.reddit.com/gallery/1iy4nk4
[Coi End]Outer gods sephirots speculations.,/r/LordofTheMysteries/comments/1iyt3k9/coi_endouter_gods_sephirots_speculations/,text,t3_1iyt3k9,1,3,Distinct-Moment-6243,"So someone actually asked cuttlefish if he will reveal the names of the outer gods sephirots. Cuttle fish answered that he thinks they do not need names as they are concepts. So special thanks to that guy who asked this. I really wanted to know this one. But sadly cuttlefish thinks it's meaningless. So I will make some speculation on how those sephirots might look or interact as cf won't reveal anything. 

First let's talk about the easy ones. 

-Mother Goddess of Depravity : Cradle of chaos / Womb of origin/ Fetus of beginning.(Hyphothtical scenario that she died as we can't have her sephirot if she's alive.So Original creator killed her) 

First of all it's revealed that this sephirot contains chaos primogenitor and world pathway. While chaos primogenitor is the birth of original creator, World is like a cradle for him. But we can also interpret as fetus or womb. As they are also related to birth. Here it mainly depends on what the world represents. Is it a cradle while chaos primogenitor is the child or is it the fetus and chaos primogenitor is the essense. 

Lastly where does it exist. Of course it exists in the physical world. 

-Mother Tree of Desire : Garden of Desire / Paradise of Filth/Desire Heaven 

It's the easiest one to figure out. Mtod is a tree while she has control over desires. So it makes sense for the selhirot to be a garden. While this garden can be also be described as paradise as Paradise is where all your desires are fullfilled. Actully it can also be considered heaven in a sense 

-Uncertain Mist : Everchanging Mist 

Well we do have have physical information of this great one. As the mist is indefinable and constantly changing. Either it's this name or it's name is just uncertain mist. Also it's the selhirot of chaos mist pathway which is the bridge between light and darkness, order and disorder. So it should at least be a little connected. 

So it's physical description could be of a black market. While It would exist in the physical world. 

-Monarch of Decay: Decaying Empire. 

First of all most great ones ats title has really similarity to thier sephirots so from thier names we can figure out the names of the sephirot. So as it's name is Monarch of Deacay. It must rule over something. Here we can use words such as nation/kingdom/empire. I mainly used the empire as the monarchy can be represented with this. 

Now how does it look like. I would sayit looks similar to nation of disorder and eternal darkness. Also most probably it would existin the spirit world as decay is one of the aspects of death. While deaths are associated or connected to the decay of spirit. 

-Goddess of Fate : Ship of Destiny (Another hypothesis she died) 

Her core ability focuses on the conscious manipulation of fate. As well as she use the River of Fate the most. Also she can use the river of fate to revive. So I would say her sephirot has to be a ship or something similar. 

So it should exist in the spirit world's River of Fate naturally. 

-Circle of Inevitability : Road of Salvation 

First of all coi represents samsara and salvation. Samsara is something where you loop in the same day. So the sephirot is city/village/roads etc. 

It also should exist in the spirit world. 

-Primordial Hunger : Primal Heaven 

For Primordial Hungers sephirot it is similar to natural instincts.As Primordial Hunger is one of the only great ones even among other great ones to be more ferocious and has unleashed it's own natural instincts. I would say it would be some kind of heaven type thing. As Hunger and releasing one's own primal nature. It's similar to bathing in one's own desires. 

It of course exists in the physical world. 

-Inextinguishable Ravings : Bell/Temple of Origin 

It represents the evarlasting and eternal phyche of original creator. So it should be of course be a bell or temple. Temple is the closest thing I could find. 

Lastly I don't think it exists at all. As Inextinguishable Ravings doesn't have it's own body. So I would say it exists in the core of mind islands of all living beings. 

High Dimensional Overseer : Dimension Overseeing Tower. 

It's name alone should be evident of it's sephirots name. 

I guess it exists both in the spirit and the physical world. 

Supernova Dominator : Star of Collapse 

It's abilities are derives from the fundamental forces of the universe. A star actually possess all of those forces. As well as a star is necessary for living. As we can see from SD water related abilities. Which most probable is the tidal wave of the moon. So all in all it should be a star. 

It certainly exists in the physical world for sure."
[LotM],/r/LordofTheMysteries/comments/1ixu502/lotm/,image,t3_1ixu502,14,89,legendAmourshipper,https://i.redd.it/mtgdbsf27ale1.jpeg
[LOTM General] what is your favorite fanart of the series,/r/LordofTheMysteries/comments/1iu6tez/lotm_general_what_is_your_favorite_fanart_of_the/,gallery,t3_1iu6tez,32,268,No_ContextGiven,https://www.reddit.com/gallery/1iu6tez
[COI general] What sin represent Alista Tudor the best ?,/r/LordofTheMysteries/comments/1iysiqv/coi_general_what_sin_represent_alista_tudor_the/,text,t3_1iysiqv,2,6,Amount_Terrible,I would say greed or envy but it's hard to choose.
[LotM general] A new pathway me and my friend created together,/r/LordofTheMysteries/comments/1iy5s24/lotm_general_a_new_pathway_me_and_my_friend/,text,t3_1iy5s24,5,16,FellaPlayz,"Sequence 9 : Liar 

-They are capable of lying subtly 

-They can influence others to believe others in your words 

-They are blessed with an Agile physique 

Sequence 8 : Pillock 

-They can render anyone with the incapability to retain rationality 

-They can converse mentally 

-They can implant their wisdom into others 

Sequence 7 : Revamper 

-They have a faster rate in growth 

-They can adapt to any circumstance 

-Their insight is much sharper 

Sequence 6 : Uncanny Maestro 

-They can materialize their thoughts 

-They can glimpse into the memories of others 

-They become more proficient in ritual 

Sequence 5 : Perfidious Doyen 

-They are proficient in deception 

-They can hinder others from thinking 

-They are free from any mental effects 

-Their creative prowess is significantly increased 

Sequence 4 : Articulate Bellwether 

-They can influence others to believe them 

-They are Eloquent and well versed in every language 

Sequence 3 : Farcical Paradigm 

-They can manifest a domain replicating their thoughts into reality 

-They are capable of influencing any action to their imagination 

-They are capable of reverting an effect by nullifying the cause 

Sequence 2 : Profane Sagacity 

-They are capable of influencing anything to the state of corruption 

-They are capable of inflicting abnormalities to anything 

Sequence 1 : Irrational Capricious 

-They are not beholden to any that which is absolute 

-They are capable of producing irregularities 

Sequence 0 : Paradox 

-They can alter any cause to achieve the effect they desire 

Mythical Creature : Indefinite They can transform into anyone and anything restricted by their imagination 

we're both honestly very satisfied with this. I made the abilities for the most part, and my friend made the sequence names and refined the abilities to fit the names. The original theme for this was actually ""Bullshit"" and we somehow reached this beauty. imo a very balanced pathway. Except seq 6 and 3, which may seem too broken for their sequence, but they are meant to be taxing towards spirituality to balance it out."
[CoI v6] Concerning the new Cuttlefish Q&A,/r/LordofTheMysteries/comments/1ixtx35/coi_v6_concerning_the_new_cuttlefish_qa/,text,t3_1ixtx35,31,65,The_Devout_Vampi,"can klein enter fictional worlds such as one piece, DC universe, marvel universe through the tv? 

cf: yes, he can 

I can‚Äôt believe I have to say this‚Ä¶but this isn‚Äôt universe travel or multiverse shit, this is an application of the information world (what we see in volume 6 when mysticism interacts with modern world) 

we saw Lumian and his friends entering a screen before this is literally just that 

it‚Äôs not multiverse or even an entire universe, just entering a tv screen which would show you a world consisting of only the things shown on screen, not even an entire world (somewhat similar to Groselle‚Äôs travels book) 

I know a lot of people only read summaries or don‚Äôt even interact with CoI at all but cmon‚Ä¶.we can expect some level of reading comprehension from this fandom right?‚Ä¶.right!?"
[Lotm v7] Seeing Klein do this behind the scenes feels like hearing your kid curse for the first timeüò≠,/r/LordofTheMysteries/comments/1ixszvo/lotm_v7_seeing_klein_do_this_behind_the_scenes/,image,t3_1ixszvo,15,70,mad3ub,https://i.redd.it/5g7wek74v9le1.png
[lotm] Will they really do it?,/r/LordofTheMysteries/comments/1ixrbbj/lotm_will_they_really_do_it/,image,t3_1ixrbbj,13,95,shivamgamer27,https://i.redd.it/b8797jowa9le1.jpeg
[LotM Vol 8] Can a LOTM turn a Sequence 0 into their Marrionette?,/r/LordofTheMysteries/comments/1ixz8qq/lotm_vol_8_can_a_lotm_turn_a_sequence_0_into/,text,t3_1ixz8qq,7,23,void_god0,Or are sequence 0s too strong for that to happen?
[LoTM Newbie] Derrick Berg age when he first joined Tarot Club?,/r/LordofTheMysteries/comments/1iyno0y/lotm_newbie_derrick_berg_age_when_he_first_joined/,text,t3_1iyno0y,4,2,Tamim_Al_Ahad,NA
"[Lotm v7] ""I understand it now"" ahh moment",/r/LordofTheMysteries/comments/1iwej98/lotm_v7_i_understand_it_now_ahh_moment/,image,t3_1iwej98,19,261,mad3ub,https://i.redd.it/y0xlf6uc5xke1.png
[COI C1180] Who‚Äôs stronger- Lumian or Klein,/r/LordofTheMysteries/comments/1iym6v5/coi_c1180_whos_stronger_lumian_or_klein/,text,t3_1iym6v5,13,1,Upstairs_Syllabub365,"By the end of coi, who‚Äôs stronger?"
[lotm vol8] Why did the church hide the acting method. I was thinking about it last night and couldn't sleep.,/r/LordofTheMysteries/comments/1iykil1/lotm_vol8_why_did_the_church_hide_the_acting/,text,t3_1iykil1,5,1,Pretend-Guarantee272,NA
[COI V0] Things I miss about COI,/r/LordofTheMysteries/comments/1ixqmt2/coi_v0_things_i_miss_about_coi/,text,t3_1ixqmt2,8,21,shadowpillow,"Just a small COI appreciation post, now that I've been away from it for a while and have been rereading LotM and other things. 

Things I now kinda miss about COI:

The logical complexity and plots that were revealed. Since V3, I started feeling that every event or fight was accompanied by some logical twist or deeper plots with multiple parties, which made it very interesting to speculate and try to figure out what's going on, and who's doing what. I think the LotM fights usually just don't have that same sense of canny turnaroundness-because-this-person-did-that-in-this-logical-way, and I don't think I've really seen it in other fiction too. It just has a unique vibe to it.

Day by day investigations. Especially in COI V6, I loved the methodical investigations of the surroundings and speculating on what was going on with each new clue.

Working to apply mystical principles that we know all know to each event. (As opposed to applying as we learn, now we have to test our application abilities as ""experienced Beyonders"".)

DaddyKlein aura. I kind of realized that when we were begging for scraps of seeing Klein in COI, we appreciated all the little moments so much more. And Klein was just really cool. A lot of these parts also pain me, but I also spent a lot of time thinking about them and feeling them, causing me to question his decisions more in LotM too, and keep alao evaluating if Klein's final decision in V8 was something I could apply to my own life or not.In V8, we also get to see the fulfillment of his journey, and validation for his decision, as the theme of ""We cannot let those who are born gods be gods, as then we will be forever subjected to their whims"" is extoled and shown, particularly when Audrey talks to herself in the later chapters, highlighting one of the main themes of COI and LotM as a whole‚Äîthe reason why we need people like Klein in power, who are aware of humanity and their difficulties, rather than those like Amon, GA, or CW, or any of the more crazy and distorted ODs.

That moment in COI V6 where we got to see Zhou Mingrui from the outside subtly interrogate and use sophistry to give out information, haha. Seeing it from the outside was really great. Oh, and every Zhou Mingrui moment and thought there, ofc too.

Cool symbolism and foreshadowing. I feel like understanding the symbolism deepened my understanding of a lot of mysticism. I felt a lot of my understanding of the LotM world and logic was deepened just by reading COI, without yet rereading LotM very much. Tracing through everything in my mind for hours to figure out what the heck was actually going on was kind of great, and the symbolisms and theories behind how they work were really interesting, especially when we could have discussions about them.

The uniqueness of the story composition. Many of us have complained about Lumian's inner voice being lacking, and even though I do really agree many narrative components were left a bit unloved in favor of the plot components, overall some of the writing choices were very brave and interesting. It doesn't fit the standard, and maybe the form doesn't quite match the function, but I do find it compelling and unique in an interesting way. COI in particular just feels different from any other work of fiction that I've read, in a different way than LotM.

COI V7 wrapping up everything and tying the whole point and missing threads of COI V1 and the rest of the story was really cool. The end of COI V7 was actually a banger in my book, though it had some disturbing parts too. It actually wrapped up the main plot threads of the story so well for me that I almost felt V8 was extraneous before I remembered the whole apocolypse thing again (which I felt extremely nervous about and thought the result could swing anywhere on the spectrum due to the horror of V7's ending, so kudos to CF for that). And V8 did well with the worldbuilding of the human spheres and symbolism (though I do wish we had gotten more epilogue, the stuff that was there was pretty cool and also somewhat disturbing).

Lumian riding his flaming coat rack and dancing a weather dance midair like a madmanin V7. And his continual urge to get people he dislikes to call him pep√© will always crack me up.

Franca building gundams, and Antony's perpetual psychological invisibility.

This might be a bit weird, but also, the untransparency of people? The characters can feel less relatable or understandable because of this, but their psychology always seemed to be consistent across the board when you pick up the hints. So it felt like the book was always encouraging you to think for yourself and read for yourself, in the same way you look at strangers in the outside world, even if it made it more difficult to read. That kind of falls into the unique style aspect, but I feel it can also train up your understanding of people and reading situations by absorbing the hints, so that was pretty cool. I also liked how in COI V6 they were always consulting Anthony on the best way to talk to Rozanne to help prevent a welling of trauma/existentialism, and also to deal with potential subconscious cues in the dream.

Anyway, I thought I'd just write one or two points, but it turns out there's actually quite many things I liked about the story. I know not everyone here will agree, but I just wanted to put a bit of a COI appreciation post out there, because there really are a lot of things I enjoyed or found compelling about the story, and I think others have too. 

What did you like about the story? What were your favorite parts? 

Anyway, peace, and praise the Fool."
[Lotm newbie] Good quality english translation epub download,/r/LordofTheMysteries/comments/1iytp68/lotm_newbie_good_quality_english_translation_epub/,text,t3_1iytp68,0,0,javiepie,Hi does anybody have a good quality english translation epub download link? it is my first time reading lotm and the download link that i have right now has quite a few translation errors. thanks in advance!
[coi general] always wonder if this sequence actually doing anything to his brain,/r/LordofTheMysteries/comments/1iwigr1/coi_general_always_wonder_if_this_sequence/,image,t3_1iwigr1,28,298,Desperate_Ad1450,https://i.redd.it/yhwnnturyxke1.jpeg
[Lotm general] Directed towards all the courrpted people in here,/r/LordofTheMysteries/comments/1ixwtxk/lotm_general_directed_towards_all_the_courrpted/,image,t3_1ixwtxk,43,285,mad3ub,https://i.redd.it/mvhal1b1uale1.png
The indestructible psyche of pillars inside beyonders characteristics (Lotm overall),/r/LordofTheMysteries/comments/1iytekl/the_indestructible_psyche_of_pillars_inside/,text,t3_1iytekl,4,3,Fluffy_Government225,Does all the characteristics of theirs pathways contain their will or only the uniqueness ? Because in the plan of CW he had to prepare a special set of corrupted characteristics to be able to resurrect at angel level.And if one will is contain in a charac does pillars can recall it to them at any time ?
[CoI End] Virgin Inexstinguishable Ravings vs Chad Father of Devils,/r/LordofTheMysteries/comments/1iy8pk2/coi_end_virgin_inexstinguishable_ravings_vs_chad/,gallery,t3_1iy8pk2,8,64,Infamous-Fortune8666,https://www.reddit.com/gallery/1iy8pk2
[LotMV8] Is there any sequence which restrains Miracle invokers wishing power?,/r/LordofTheMysteries/comments/1iyimo6/lotmv8_is_there_any_sequence_which_restrains/,text,t3_1iyimo6,22,12,Affectionate-Win7377,NA
[Lotm v6] Am I cooking or am I cooked?,/r/LordofTheMysteries/comments/1itxye7/lotm_v6_am_i_cooking_or_am_i_cooked/,video,t3_1itxye7,29,282,mad3ub,https://v.redd.it/kb87aax9lake1
[Lotm ch 1188] Leodero is so petty for a literal godüò≠,/r/LordofTheMysteries/comments/1iu1yp3/lotm_ch_1188_leodero_is_so_petty_for_a_literal_god/,image,t3_1iu1yp3,14,275,mad3ub,https://i.redd.it/73ct2zi1ibke1.png
Someone asked cuttlefish about the measurements of Fors and Evernight [lotm general],/r/LordofTheMysteries/comments/1iwwq7y/someone_asked_cuttlefish_about_the_measurements/,image,t3_1iwwq7y,23,268,the-fool0,https://i.redd.it/bqa4fw4hk1le1.png
[LOTM V8] Power of miracles,/r/LordofTheMysteries/comments/1iyddvc/lotm_v8_power_of_miracles/,text,t3_1iyddvc,5,15,Pale-Investment-2338,"So, I was re-reading LOTM (just for fun). When I got to the section about the Genie lamp and how it grants wishes, 10 wishes to be exact but in an extremely distorted way, I was confused. 

But then, I later realised that the genie probably grants wishes because it is accumulating the power of wishes by using the miracle invoker characteristic that is used to seal it. However, the seal also distorts the power of wishes such that the number of wishes that anyone can make doesn't exceed 3 as it would kill the user. 

In other words, it is possible that, either after fulfilling a lot of wishes from many different users, each not making more than 3, the genie would break the seal or finding someone extremely strong that can withstand the harmful effects of 10 wishes which will free the genie. 

Just wanted to share this, as I found this detail pretty interesting."
[LOTM CH1390] This chapter was a roller coaster of emotions,/r/LordofTheMysteries/comments/1iy4nk4/lotm_ch1390_this_chapter_was_a_roller_coaster_of/,gallery,t3_1iy4nk4,1,44,ayanokoki_kiyotaka,https://www.reddit.com/gallery/1iy4nk4
[Coi End]Outer gods sephirots speculations.,/r/LordofTheMysteries/comments/1iyt3k9/coi_endouter_gods_sephirots_speculations/,text,t3_1iyt3k9,1,3,Distinct-Moment-6243,"So someone actually asked cuttlefish if he will reveal the names of the outer gods sephirots. Cuttle fish answered that he thinks they do not need names as they are concepts. So special thanks to that guy who asked this. I really wanted to know this one. But sadly cuttlefish thinks it's meaningless. So I will make some speculation on how those sephirots might look or interact as cf won't reveal anything. 

First let's talk about the easy ones. 

-Mother Goddess of Depravity : Cradle of chaos / Womb of origin/ Fetus of beginning.(Hyphothtical scenario that she died as we can't have her sephirot if she's alive.So Original creator killed her) 

First of all it's revealed that this sephirot contains chaos primogenitor and world pathway. While chaos primogenitor is the birth of original creator, World is like a cradle for him. But we can also interpret as fetus or womb. As they are also related to birth. Here it mainly depends on what the world represents. Is it a cradle while chaos primogenitor is the child or is it the fetus and chaos primogenitor is the essense. 

Lastly where does it exist. Of course it exists in the physical world. 

-Mother Tree of Desire : Garden of Desire / Paradise of Filth/Desire Heaven 

It's the easiest one to figure out. Mtod is a tree while she has control over desires. So it makes sense for the selhirot to be a garden. While this garden can be also be described as paradise as Paradise is where all your desires are fullfilled. Actully it can also be considered heaven in a sense 

-Uncertain Mist : Everchanging Mist 

Well we do have have physical information of this great one. As the mist is indefinable and constantly changing. Either it's this name or it's name is just uncertain mist. Also it's the selhirot of chaos mist pathway which is the bridge between light and darkness, order and disorder. So it should at least be a little connected. 

So it's physical description could be of a black market. While It would exist in the physical world. 

-Monarch of Decay: Decaying Empire. 

First of all most great ones ats title has really similarity to thier sephirots so from thier names we can figure out the names of the sephirot. So as it's name is Monarch of Deacay. It must rule over something. Here we can use words such as nation/kingdom/empire. I mainly used the empire as the monarchy can be represented with this. 

Now how does it look like. I would sayit looks similar to nation of disorder and eternal darkness. Also most probably it would existin the spirit world as decay is one of the aspects of death. While deaths are associated or connected to the decay of spirit. 

-Goddess of Fate : Ship of Destiny (Another hypothesis she died) 

Her core ability focuses on the conscious manipulation of fate. As well as she use the River of Fate the most. Also she can use the river of fate to revive. So I would say her sephirot has to be a ship or something similar. 

So it should exist in the spirit world's River of Fate naturally. 

-Circle of Inevitability : Road of Salvation 

First of all coi represents samsara and salvation. Samsara is something where you loop in the same day. So the sephirot is city/village/roads etc. 

It also should exist in the spirit world. 

-Primordial Hunger : Primal Heaven 

For Primordial Hungers sephirot it is similar to natural instincts.As Primordial Hunger is one of the only great ones even among other great ones to be more ferocious and has unleashed it's own natural instincts. I would say it would be some kind of heaven type thing. As Hunger and releasing one's own primal nature. It's similar to bathing in one's own desires. 

It of course exists in the physical world. 

-Inextinguishable Ravings : Bell/Temple of Origin 

It represents the evarlasting and eternal phyche of original creator. So it should be of course be a bell or temple. Temple is the closest thing I could find. 

Lastly I don't think it exists at all. As Inextinguishable Ravings doesn't have it's own body. So I would say it exists in the core of mind islands of all living beings. 

High Dimensional Overseer : Dimension Overseeing Tower. 

It's name alone should be evident of it's sephirots name. 

I guess it exists both in the spirit and the physical world. 

Supernova Dominator : Star of Collapse 

It's abilities are derives from the fundamental forces of the universe. A star actually possess all of those forces. As well as a star is necessary for living. As we can see from SD water related abilities. Which most probable is the tidal wave of the moon. So all in all it should be a star. 

It certainly exists in the physical world for sure."
[LotM],/r/LordofTheMysteries/comments/1ixu502/lotm/,image,t3_1ixu502,14,89,legendAmourshipper,https://i.redd.it/mtgdbsf27ale1.jpeg
[LOTM General] what is your favorite fanart of the series,/r/LordofTheMysteries/comments/1iu6tez/lotm_general_what_is_your_favorite_fanart_of_the/,gallery,t3_1iu6tez,32,268,No_ContextGiven,https://www.reddit.com/gallery/1iu6tez
[COI general] What sin represent Alista Tudor the best ?,/r/LordofTheMysteries/comments/1iysiqv/coi_general_what_sin_represent_alista_tudor_the/,text,t3_1iysiqv,2,6,Amount_Terrible,I would say greed or envy but it's hard to choose.
[LotM general] A new pathway me and my friend created together,/r/LordofTheMysteries/comments/1iy5s24/lotm_general_a_new_pathway_me_and_my_friend/,text,t3_1iy5s24,5,16,FellaPlayz,"Sequence 9 : Liar 

-They are capable of lying subtly 

-They can influence others to believe others in your words 

-They are blessed with an Agile physique 

Sequence 8 : Pillock 

-They can render anyone with the incapability to retain rationality 

-They can converse mentally 

-They can implant their wisdom into others 

Sequence 7 : Revamper 

-They have a faster rate in growth 

-They can adapt to any circumstance 

-Their insight is much sharper 

Sequence 6 : Uncanny Maestro 

-They can materialize their thoughts 

-They can glimpse into the memories of others 

-They become more proficient in ritual 

Sequence 5 : Perfidious Doyen 

-They are proficient in deception 

-They can hinder others from thinking 

-They are free from any mental effects 

-Their creative prowess is significantly increased 

Sequence 4 : Articulate Bellwether 

-They can influence others to believe them 

-They are Eloquent and well versed in every language 

Sequence 3 : Farcical Paradigm 

-They can manifest a domain replicating their thoughts into reality 

-They are capable of influencing any action to their imagination 

-They are capable of reverting an effect by nullifying the cause 

Sequence 2 : Profane Sagacity 

-They are capable of influencing anything to the state of corruption 

-They are capable of inflicting abnormalities to anything 

Sequence 1 : Irrational Capricious 

-They are not beholden to any that which is absolute 

-They are capable of producing irregularities 

Sequence 0 : Paradox 

-They can alter any cause to achieve the effect they desire 

Mythical Creature : Indefinite They can transform into anyone and anything restricted by their imagination 

we're both honestly very satisfied with this. I made the abilities for the most part, and my friend made the sequence names and refined the abilities to fit the names. The original theme for this was actually ""Bullshit"" and we somehow reached this beauty. imo a very balanced pathway. Except seq 6 and 3, which may seem too broken for their sequence, but they are meant to be taxing towards spirituality to balance it out."
[CoI v6] Concerning the new Cuttlefish Q&A,/r/LordofTheMysteries/comments/1ixtx35/coi_v6_concerning_the_new_cuttlefish_qa/,text,t3_1ixtx35,31,65,The_Devout_Vampi,"can klein enter fictional worlds such as one piece, DC universe, marvel universe through the tv? 

cf: yes, he can 

I can‚Äôt believe I have to say this‚Ä¶but this isn‚Äôt universe travel or multiverse shit, this is an application of the information world (what we see in volume 6 when mysticism interacts with modern world) 

we saw Lumian and his friends entering a screen before this is literally just that 

it‚Äôs not multiverse or even an entire universe, just entering a tv screen which would show you a world consisting of only the things shown on screen, not even an entire world (somewhat similar to Groselle‚Äôs travels book) 

I know a lot of people only read summaries or don‚Äôt even interact with CoI at all but cmon‚Ä¶.we can expect some level of reading comprehension from this fandom right?‚Ä¶.right!?"
[Lotm v7] Seeing Klein do this behind the scenes feels like hearing your kid curse for the first timeüò≠,/r/LordofTheMysteries/comments/1ixszvo/lotm_v7_seeing_klein_do_this_behind_the_scenes/,image,t3_1ixszvo,15,70,mad3ub,https://i.redd.it/5g7wek74v9le1.png
[lotm] Will they really do it?,/r/LordofTheMysteries/comments/1ixrbbj/lotm_will_they_really_do_it/,image,t3_1ixrbbj,13,95,shivamgamer27,https://i.redd.it/b8797jowa9le1.jpeg
[LotM Vol 8] Can a LOTM turn a Sequence 0 into their Marrionette?,/r/LordofTheMysteries/comments/1ixz8qq/lotm_vol_8_can_a_lotm_turn_a_sequence_0_into/,text,t3_1ixz8qq,7,23,void_god0,Or are sequence 0s too strong for that to happen?
[LoTM Newbie] Derrick Berg age when he first joined Tarot Club?,/r/LordofTheMysteries/comments/1iyno0y/lotm_newbie_derrick_berg_age_when_he_first_joined/,text,t3_1iyno0y,4,2,Tamim_Al_Ahad,NA
"[Lotm v7] ""I understand it now"" ahh moment",/r/LordofTheMysteries/comments/1iwej98/lotm_v7_i_understand_it_now_ahh_moment/,image,t3_1iwej98,19,261,mad3ub,https://i.redd.it/y0xlf6uc5xke1.png
[COI C1180] Who‚Äôs stronger- Lumian or Klein,/r/LordofTheMysteries/comments/1iym6v5/coi_c1180_whos_stronger_lumian_or_klein/,text,t3_1iym6v5,13,1,Upstairs_Syllabub365,"By the end of coi, who‚Äôs stronger?"
[lotm vol8] Why did the church hide the acting method. I was thinking about it last night and couldn't sleep.,/r/LordofTheMysteries/comments/1iykil1/lotm_vol8_why_did_the_church_hide_the_acting/,text,t3_1iykil1,5,1,Pretend-Guarantee272,NA
[COI V0] Things I miss about COI,/r/LordofTheMysteries/comments/1ixqmt2/coi_v0_things_i_miss_about_coi/,text,t3_1ixqmt2,8,21,shadowpillow,"Just a small COI appreciation post, now that I've been away from it for a while and have been rereading LotM and other things. 

Things I now kinda miss about COI:

The logical complexity and plots that were revealed. Since V3, I started feeling that every event or fight was accompanied by some logical twist or deeper plots with multiple parties, which made it very interesting to speculate and try to figure out what's going on, and who's doing what. I think the LotM fights usually just don't have that same sense of canny turnaroundness-because-this-person-did-that-in-this-logical-way, and I don't think I've really seen it in other fiction too. It just has a unique vibe to it.

Day by day investigations. Especially in COI V6, I loved the methodical investigations of the surroundings and speculating on what was going on with each new clue.

Working to apply mystical principles that we know all know to each event. (As opposed to applying as we learn, now we have to test our application abilities as ""experienced Beyonders"".)

DaddyKlein aura. I kind of realized that when we were begging for scraps of seeing Klein in COI, we appreciated all the little moments so much more. And Klein was just really cool. A lot of these parts also pain me, but I also spent a lot of time thinking about them and feeling them, causing me to question his decisions more in LotM too, and keep alao evaluating if Klein's final decision in V8 was something I could apply to my own life or not.In V8, we also get to see the fulfillment of his journey, and validation for his decision, as the theme of ""We cannot let those who are born gods be gods, as then we will be forever subjected to their whims"" is extoled and shown, particularly when Audrey talks to herself in the later chapters, highlighting one of the main themes of COI and LotM as a whole‚Äîthe reason why we need people like Klein in power, who are aware of humanity and their difficulties, rather than those like Amon, GA, or CW, or any of the more crazy and distorted ODs.

That moment in COI V6 where we got to see Zhou Mingrui from the outside subtly interrogate and use sophistry to give out information, haha. Seeing it from the outside was really great. Oh, and every Zhou Mingrui moment and thought there, ofc too.

Cool symbolism and foreshadowing. I feel like understanding the symbolism deepened my understanding of a lot of mysticism. I felt a lot of my understanding of the LotM world and logic was deepened just by reading COI, without yet rereading LotM very much. Tracing through everything in my mind for hours to figure out what the heck was actually going on was kind of great, and the symbolisms and theories behind how they work were really interesting, especially when we could have discussions about them.

The uniqueness of the story composition. Many of us have complained about Lumian's inner voice being lacking, and even though I do really agree many narrative components were left a bit unloved in favor of the plot components, overall some of the writing choices were very brave and interesting. It doesn't fit the standard, and maybe the form doesn't quite match the function, but I do find it compelling and unique in an interesting way. COI in particular just feels different from any other work of fiction that I've read, in a different way than LotM.

COI V7 wrapping up everything and tying the whole point and missing threads of COI V1 and the rest of the story was really cool. The end of COI V7 was actually a banger in my book, though it had some disturbing parts too. It actually wrapped up the main plot threads of the story so well for me that I almost felt V8 was extraneous before I remembered the whole apocolypse thing again (which I felt extremely nervous about and thought the result could swing anywhere on the spectrum due to the horror of V7's ending, so kudos to CF for that). And V8 did well with the worldbuilding of the human spheres and symbolism (though I do wish we had gotten more epilogue, the stuff that was there was pretty cool and also somewhat disturbing).

Lumian riding his flaming coat rack and dancing a weather dance midair like a madmanin V7. And his continual urge to get people he dislikes to call him pep√© will always crack me up.

Franca building gundams, and Antony's perpetual psychological invisibility.

This might be a bit weird, but also, the untransparency of people? The characters can feel less relatable or understandable because of this, but their psychology always seemed to be consistent across the board when you pick up the hints. So it felt like the book was always encouraging you to think for yourself and read for yourself, in the same way you look at strangers in the outside world, even if it made it more difficult to read. That kind of falls into the unique style aspect, but I feel it can also train up your understanding of people and reading situations by absorbing the hints, so that was pretty cool. I also liked how in COI V6 they were always consulting Anthony on the best way to talk to Rozanne to help prevent a welling of trauma/existentialism, and also to deal with potential subconscious cues in the dream.

Anyway, I thought I'd just write one or two points, but it turns out there's actually quite many things I liked about the story. I know not everyone here will agree, but I just wanted to put a bit of a COI appreciation post out there, because there really are a lot of things I enjoyed or found compelling about the story, and I think others have too. 

What did you like about the story? What were your favorite parts? 

Anyway, peace, and praise the Fool."
Whats up with the sudden increase in corruption? [Lotm general],/r/LordofTheMysteries/comments/1ivgja4/whats_up_with_the_sudden_increase_in_corruption/,gallery,t3_1ivgja4,29,253,Alius_bullshitus,https://www.reddit.com/gallery/1ivgja4
[Coi End] Medici,/r/LordofTheMysteries/comments/1ixonle/coi_end_medici/,text,t3_1ixonle,6,22,Admirable_Neck4869,Do we know whatever happened to einhorn and Sauron? It kinda felt like Medici was just in the drivers seat the whole time and had no banter with either of them that I enjoyed in the first book.
[Lotm general] EVERYONE is scared of suddenly reading this line when everything is going well,/r/LordofTheMysteries/comments/1iw46wf/lotm_general_everyone_is_scared_of_suddenly/,image,t3_1iw46wf,32,251,mad3ub,https://i.redd.it/sgvwa1j06uke1.jpeg
So which one each of the Tarot Club members are? [LOTM AND COI GENERAL],/r/LordofTheMysteries/comments/1ixiyty/so_which_one_each_of_the_tarot_club_members_are/,image,t3_1ixiyty,15,36,Unknown_Nothin-,https://i.redd.it/mdami9dst6le1.jpeg
[lotm end] how is my bookcase looking,/r/LordofTheMysteries/comments/1ixgkdd/lotm_end_how_is_my_bookcase_looking/,gallery,t3_1ixgkdd,7,51,TheStarGazer31,https://www.reddit.com/gallery/1ixgkdd
Should I read COI? [Lotm],/r/LordofTheMysteries/comments/1iyk3tx/should_i_read_coi_lotm/,text,t3_1iyk3tx,2,2,sheareddog,"I read all of Lotm and was waiting until COI was finished before reading it, but now I've heard that it's not very good. I was relatively satisfied with the ending of Lotm, so should I just pretend COI doesn't exist? 

(I don't mind spoilers if it's to make a point for why COI is or isn't worth reading.)"
[LOTM General]There is a serious problem with art credits in this community,/r/LordofTheMysteries/comments/1ix5e2w/lotm_generalthere_is_a_serious_problem_with_art/,text,t3_1ix5e2w,22,64,Automatic_Lack_5069,"I think the first thing I noticed when I joined this fandom was that fact that no one seems to credit artists. I get it, sometimes it can be hard to find the creator but this goes beyond this. Multiple people have said to me, ‚Äúit‚Äôs too much work‚Äù which is so disrespectful to the ppl who actually made the art you are using. 

To make things worse I swear half this fandom pretends not to see the giant DO NOT USE COMMISSION. I have so much respect for the ppl in the fandom who actually credit. There is a dedicated channel the official discord to find art credits yet ppl still don‚Äôt credit? 

Not only that I feel like I always see ppl say ‚Äúlotm artists are on a different level‚Äù ‚Äúwe have so many good fanarts‚Äù THEN DONT CREDIT. If u actually respected artists then u would give them credit. Sometimes I even see ppl complaining that there isn‚Äôt fanart of certain characters like it‚Äôs somehow artist‚Äôs responsibility to give the fandom art? If you want fanart of characters make it yourself and then maybe you‚Äôll see how difficult art is and why artists want credits. Plus there has been a surge in use of ai to ‚Äúexpand pictures‚Äù which is BEYOND DISRESPECTFUL. Ur not going to credit and then feed artwork into ai. 

All of this is to say, I know finding artists can be hard but just taking a little time out of your editing routine to put some artists usernames in the caption would cause the fandom to become that much better. With the donghua coming out soon we should at least make our fandom more respectful anyway. üëç„ÄÄjust please guys üôèüôè"
[Lotm general] Pathways battle preparation,/r/LordofTheMysteries/comments/1ix235v/lotm_general_pathways_battle_preparation/,gif,t3_1ix235v,1,28,Puzzleheaded_Sir1476,https://i.redd.it/3mbecb1da3le1.gif
[LOTM]this how I imagined they're meeting to go in Coi,/r/LordofTheMysteries/comments/1iu1c8s/lotmthis_how_i_imagined_theyre_meeting_to_go_in/,image,t3_1iu1c8s,7,246,TheAlmightySquare,https://i.redd.it/bokefegfdbke1.jpeg
"[LOTM General] If there is any gathering scene of mythical creature form of all the pathways, LOTM will probably be one of the top horror stories of all times.",/r/LordofTheMysteries/comments/1ix12at/lotm_general_if_there_is_any_gathering_scene_of/,text,t3_1ix12at,10,18,PlanningToReread,"I haven't read COI yet. So, I don't know if there is any scene like that in COI."
[COI General] New Pathway Settings (Preliminary TL),/r/LordofTheMysteries/comments/1iww852/coi_general_new_pathway_settings_preliminary_tl/,text,t3_1iww852,9,39,Bazel-Geese,"The Mother Tree of Desire Pathway (https://mp.weixin.qq.com/s/y-vxTSSGOU63uJHMle0QLw): 

True Name:
Mother Tree of Desire;
Father of Devils;
Perpetual Blatherer;
Heartless God. 

(Capable of reuniting with its own lost ‚ÄúFather of Devils; Lord of Deviants; Source of Curses‚Äù to become the most formidable of the Great Old Ones apart from the Pillars. It can also harbor an extra non-Pillar Sefirah, attaining power comparable to a Pillar‚Äîalbeit without a corresponding Pillar symbol.) 

Mythical Creature Form:
A humanoid giant tree covered in chaotic scales. Its surface was adorned with enticing crystalline fruits, glistening alluring flowers, various metallic emblems, black hearts, bare tumors, and coins from different civilizations. 

At the tree's upper reaches were two heads. The lower head was male, eyes closed, exuding bizarre desires. The upper head was female, with green hair and a face of extraordinary beauty, possessing a charm that spoke directly to affection.

Low Sequence

Sequence 9: Scrooge
(Greed and Gluttony)

Incites greed in others‚Äîespecially effective when a specific object is used as a medium.

Itself becomes increasingly greedy and miserly, gaining the ability to sense, within a limited time and area, the whereabouts of items once possessed but now lost.

Also triggers appetite in others, with greater effect when mediated by a specific object.

Its practice of not wasting food renders it more robust and powerful than its outward appearance suggests.

Sequence 8: Sex Addict
(Lust)

Perpetually ravenous and in a constant state of heightened arousal; while showing a certain resistance to some influences, its resistance against desired targets is markedly reduced.

Appears to be continuously expending its own energy, resulting in notable enhancements in strength, reaction speed, overall speed, agility, and durability.

Can subtly induce lust in targets through eye contact, language, or gestures‚Äîdistracting them; further, through direct touch or spell-like abilities, it can evoke varying degrees of lust, at its strongest temporarily robbing a person of rationality.

Highly skilled in concocting aphrodisiacs and love potions.

Capable of discerning the unique hormonal scents of different individuals.

Mid Sequence

Sequence 7: Actor
(Desire for Expression)

‚ÄúImitate to perfection‚Äù ‚Äì possesses extraordinary makeup skills, precise use of various props, superb acting, and an excellent ability to mimic. This prowess manifests both in the physical realm and in the occult: by imitating an ordinary person, even astral entities are altered, making it nearly impossible to detect his extraordinary nature; when mimicking a soldier, he becomes adept in melee combat and marksmanship, and so on. However, performances involving the extraordinary abilities of others remain superficial‚Äîunless a particular transcendent individual is mimicked and studied long-term, in which case a similar but attenuated ability may emerge.

Driven by an intense desire to perform and be seen.

Can instill in a target a powerful urge to showcase themselves and crave attention, thereby inducing emotional instability, irritability, and agitation.

Sequence 6: Recipient
(Desire for Success and Recognition)

Fueled by a yearning for success and acknowledgment, it can trigger a surge akin to an adrenaline explosion‚Äîcolloquially described as ‚Äúactivating one‚Äôs mini-universe.‚Äù (Unlocking potential)

Sequence 5: Fallen Tree Spirit
(Also known as the Baby Cupid, Spirit of Lust)

Primarily associated with emotions and lust, it is capable of creating illusions and dreamscapes while also possessing the usual powers of a tree spirit‚Äîsuch as ‚Äúconjuring vines‚Äù and wielding branches as arrows.

The specific tree chosen as its host confers unique traits, such as a temporarily elevated status or enhanced resistance to being completely destroyed.

High Sequence ‚Äì Saint

Sequence 4: Tree Supplicant
(Yearning for Knowledge and Survival)

Driven by the desire for wisdom and the instinct to survive, it can call upon trees to assume human form and even command tree-people.

By praying to different trees, it receives varied responses, manifesting different abilities. Essentially, the Mother Tree of Desire itself can be regarded as a tree‚Äîit bestows its eternal howls.

Sequence 3: Desire Priest

Acts as the embodiment of the very concept of desire. As long as one harbors any desire, they are subject to its influence.

Additionally, the Desire Priest can temporarily strip others of their sanity, making the target seem as if they have lost their soul.

High Sequence ‚Äì Angel

Sequence 2: Cupid

Wields dominion over the power of love, capable of making anyone fall in love with itself, and can also, through appropriate mediums, forge love between any two or more individuals‚Äîaffirming that love, like other divine powers, is an authority beyond mere human attributes.

Sequence 1: Leviathan

Embodies the authority corresponding to the desire for jealousy and domination over others‚Äî‚ÄúThus I have heard: the failure of one is indeed disheartening, yet the success of a friend kindles even greater resentment.‚Äù

Marks the initial encounter with the authority of rationality‚Äîcorresponding to the Heartless God. (TL note: Knowing this, Heartless God might better be translated as ""Irrational/Mindless God"" [God of Lost Minds] but this alr has an official TL way back in book 1.)

High Sequence ‚Äì True God

Sequence 0: Patriarch

The sovereign of all sentient beings, akin to a paternal figure. He is both the rebuke of anger and the murmuring of pain. His eternal howls echo amid desire and emotion, drawing sentient beings into a spiral of depravity as they chase after illusions.

As long as desire burns and the howls persist without reason, the Patriarch endures‚Äîyet once he perishes, another will be born from the realms of desire and emotion.

Sects Worshipping the Mother Tree of Desire (apart from the Rose School of Thought):

Bliss Society

Tree-Worship Church

Non-Egoist Society

Hall of Honor

Only Love Society

‚ÄúSeekers of Knowledge‚Äù (resembles a sect of the God of Wisdom and Knowledge)

Naturism Sect"
[LotM V8] PEAK FICTION!!!,/r/LordofTheMysteries/comments/1iwx672/lotm_v8_peak_fiction/,gallery,t3_1iwx672,1,29,ayanokoki_kiyotaka,https://www.reddit.com/gallery/1iwx672
"[Lotm v6] This broke me , again.",/r/LordofTheMysteries/comments/1iti9rm/lotm_v6_this_broke_me_again/,image,t3_1iti9rm,8,238,mad3ub,https://i.redd.it/1cnlrl0076ke1.jpeg
"[Lotm v7] I'll parody an evil Merlin , what are your three wishes?",/r/LordofTheMysteries/comments/1ixom3y/lotm_v7_ill_parody_an_evil_merlin_what_are_your/,image,t3_1ixom3y,188,237,mad3ub,https://i.redd.it/tt330554c8le1.png
[Lotm V5] ZARATUL ALERTüö® HIDE HIDE HIDE,/r/LordofTheMysteries/comments/1iuk5fe/lotm_v5_zaratul_alert_hide_hide_hide/,image,t3_1iuk5fe,14,235,mad3ub,https://i.redd.it/4nimwsmdofke1.png
[LotM newbie]What is the difference between him and ‚ÄòHim‚Äô?,/r/LordofTheMysteries/comments/1iyiz7q/lotm_newbiewhat_is_the_difference_between_him_and/,text,t3_1iyiz7q,8,6,Used-Ad9140,While referring to a god they address them as ‚ÄòHim‚Äô what does it sound like ? Does it sound any different than him?
[LOTM] I made a copy paste edit.,/r/LordofTheMysteries/comments/1iwuzxr/lotm_i_made_a_copy_paste_edit/,video,t3_1iwuzxr,11,24,ItsMangaSensei,https://v.redd.it/v6ly1v5tz0le1
[CoI vol 2] it's good,/r/LordofTheMysteries/comments/1iyi4md/coi_vol_2_its_good/,text,t3_1iyi4md,1,6,Alternative-Word2786,"Overall it's alright even tho sometimes the moments are quite repetitive like when lumian do some shit the others would like ""omg this kid is insane"" or ""this kid is terrifying"" LIKE STOP! U AIN NO GEHRMAN SPARROW DUDEE üò≠üò≠. I also don't really feel emotionally attracted towards the characters except Jenna, franca and maybe baron brignais (he remind me of Mr. Isengard). 

The conflicts are great but are too chaotic. Okay I give up typing objective shit and just wanna say the demoness shit are kinda gay, intisian are gay, I don't like intisian because they are uneducated and feels like a breeding pigs unlike loenese, I fucking love susie, fors, Xio and Audrey appearance holy fuck üòçüòçüòçüòçüòç, and fuck charlie, fuck Susanna Matisse, they both shall perish. 

I also feels the events are weird and straightforward. It's just feels weird idk why. 

Lumian is a poor boy, imagine the people u tryna help ended up dead because of some shit, and it's happen more than once. Like it feels like he is trapped in some.... idk?? A circle of inevitability????"
[Coi vol 1] low sequence be getting a bit too reassuring then only realizing that they're cooked,/r/LordofTheMysteries/comments/1iws59c/coi_vol_1_low_sequence_be_getting_a_bit_too/,image,t3_1iws59c,3,26,No-Blacksmith9223,https://i.redd.it/cnq454nm60le1.jpeg
[LOTM VOL4] since when did Sharron?!,/r/LordofTheMysteries/comments/1iwtyf3/lotm_vol4_since_when_did_sharron/,image,t3_1iwtyf3,10,14,IgotHacked092,https://i.redd.it/emmnctqio0le1.png
[Lotm general] D.I.E.,/r/LordofTheMysteries/comments/1iwv480/lotm_general_die/,image,t3_1iwv480,14,218,mad3ub,https://i.redd.it/eusyfut811le1.png
[LOTM new reader/chapter 17] one thing that keeps bothering me about the setting is that it feels like someone is always watching Klein and me as I read the story,/r/LordofTheMysteries/comments/1it2xhs/lotm_new_readerchapter_17_one_thing_that_keeps/,image,t3_1it2xhs,37,208,EfficiencySerious200,https://i.redd.it/p22di369v2ke1.jpeg
[Lotm ch 1240] This hurts to read.. please just stop..,/r/LordofTheMysteries/comments/1ivtf8h/lotm_ch_1240_this_hurts_to_read_please_just_stop/,image,t3_1ivtf8h,16,205,mad3ub,https://i.redd.it/w388wjhacrke1.jpeg
[Lotm meme] What did he see?,/r/LordofTheMysteries/comments/1ix0vfv/lotm_meme_what_did_he_see/,image,t3_1ix0vfv,29,195,SenecioNemorensis,https://i.redd.it/bmal6lkuy2le1.jpeg
The Anime[lotm],/r/LordofTheMysteries/comments/1iwpsxo/the_animelotm/,text,t3_1iwpsxo,23,21,No_Fun_7927,"What are you all looking forward the most for the anime? 

I'm looking forward for the music. I honestly can't wait for Gerhman Sparrow theme to come even though it might take a few years."
